שם ישוב,סמל ישוב,בזב,מצביעים,פסולים,כשרים,אמת,ג,ודעם,ז,זכ,זן,זץ,טב,י,יז,ינ,יף,יק,כ,כי,כף,ל,מחל,מרצ,נ,נך,נץ,פה,ףז,צ,צן,ץ,ק,קך,קץ,רק,שס
אבו עבדון שבט,958,139,47,1,46,0,0,45,0,0,0,0,0,0,0,0,0,0,0,0,0,0,0,0,0,0,0,1,0,0,0,0,0,0,0,0,0
אדירים,113,230,191,0,191,2,8,0,0,0,0,1,13,0,1,0,0,0,0,0,9,2,84,0,0,0,0,9,0,0,0,0,0,0,0,0,62
אור הגנוז,1294,272,183,1,182,0,81,0,0,0,0,0,2,0,0,0,0,0,0,0,21,0,21,0,0,0,0,2,0,0,0,0,0,0,0,0,55
אורטל,4013,247,180,0,180,24,1,0,2,0,0,7,9,0,1,0,0,0,0,0,1,5,15,11,0,0,0,102,0,0,0,0,0,0,0,0,2
אחווה,1157,188,146,0,146,10,2,0,0,0,0,0,3,0,0,0,0,0,0,0,0,8,24,10,2,0,0,84,0,0,0,0,0,0,0,0,3
איבים,338,107,24,0,24,0,0,0,0,0,0,0,3,0,0,0,0,0,0,0,3,1,13,0,0,0,0,3,0,0,0,0,0,0,1,0,0
אלומה,1145,322,278,1,277,0,81,0,0,0,0,2,6,0,0,0,0,0,0,0,2,0,11,0,0,0,0,0,0,0,0,0,0,0,0,0,175
אלומות,330,303,208,0,208,48,1,0,0,0,0,0,6,0,0,0,0,0,0,0,1,5,23,29,0,0,0,94,0,0,0,0,0,0,0,0,1
אלוני יצחק,868,127,28,0,28,2,0,0,0,0,0,0,3,0,0,0,0,0,0,0,0,2,4,4,0,0,0,13,0,0,0,0,0,0,0,0,0
אליאב,1365,198,166,0,166,27,2,1,0,0,0,0,49,1,0,0,0,0,0,0,0,0,12,5,0,0,0,68,0,0,0,0,1,0,0,0,0
אלמוג,3556,198,128,1,127,30,0,0,0,0,0,0,6,0,0,0,0,0,0,0,0,7,18,11,0,0,0,55,0,0,0,0,0,0,0,0,0
אמנון,1253,268,197,0,197,22,3,0,0,0,0,1,16,0,1,0,0,0,0,0,3,15,74,10,0,0,0,44,0,0,0,0,0,0,0,2,6
אמציה,23,195,143,0,143,6,2,0,0,0,0,6,57,0,0,0,0,0,0,0,9,1,30,1,0,0,0,29,0,0,0,0,0,0,0,0,2
אשל הנשיא,2021,116,75,0,75,14,1,0,0,0,0,0,9,0,0,0,0,0,0,0,1,3,15,3,0,0,0,29,0,0,0,0,0,0,0,0,0
בית גוברין,619,288,225,1,224,44,0,2,0,0,0,0,4,0,0,0,0,0,0,0,0,0,9,34,0,0,0,130,0,1,0,0,0,0,0,0,0
בית זיד,353,114,74,5,69,11,0,1,0,0,0,0,0,0,0,0,0,0,0,0,0,0,2,12,0,0,0,40,0,0,0,0,1,0,0,1,1
בית עובד,202,249,190,0,190,17,0,0,0,0,0,2,2,0,0,0,0,0,0,0,1,6,12,28,0,0,0,122,0,0,0,0,0,0,0,0,0
ברוש,2060,331,254,0,254,44,0,0,0,0,0,1,16,0,0,0,0,0,0,0,5,7,125,2,0,0,0,32,0,0,0,0,0,0,0,0,22
גברעם,342,318,234,0,234,43,0,0,0,0,0,2,5,0,0,0,0,0,0,0,0,18,26,12,0,0,0,124,0,0,0,0,1,0,0,0,3
גדעונה,442,291,201,2,199,21,5,0,0,0,0,0,7,0,0,0,0,0,0,0,8,10,93,3,0,0,0,36,0,0,0,0,0,0,0,0,16
גיבתון,196,260,207,0,207,27,2,1,0,0,0,2,9,0,0,0,0,0,0,0,2,8,23,23,0,0,0,110,0,0,0,0,0,0,0,0,0
גלגל,3606,152,89,1,88,5,0,0,1,0,0,1,3,0,0,0,0,0,0,0,4,8,29,5,0,0,0,30,0,0,0,0,0,0,0,0,2
גן שורק,311,265,202,0,202,10,0,1,0,0,0,4,10,0,0,0,0,0,0,0,0,13,35,14,0,0,0,114,0,1,0,0,0,0,0,0,0
דבורה,146,230,165,0,165,24,0,1,0,0,0,0,6,0,1,0,0,0,0,0,2,6,35,3,0,0,0,83,0,0,1,0,0,0,0,0,3
דברת,407,313,217,1,216,28,1,0,0,0,0,0,4,0,0,0,0,1,0,0,1,9,14,11,0,0,0,144,0,0,0,0,0,0,0,0,3
דישון,2063,295,179,0,179,12,0,0,0,0,0,3,14,0,0,0,0,0,0,0,5,10,86,0,0,0,0,30,0,0,0,0,0,0,0,0,19
הר עמשא,1261,107,70,0,70,10,0,1,0,0,0,2,5,0,1,0,0,0,0,0,1,6,9,14,0,0,0,21,0,0,0,0,0,0,0,0,0
ורדון,1133,218,154,1,153,11,1,0,0,0,0,6,10,0,0,0,0,0,0,0,3,5,46,15,0,0,0,41,0,0,0,0,0,0,0,0,15
זוהר,44,265,199,0,199,6,8,0,0,0,0,6,10,0,0,0,0,0,0,0,1,3,119,1,0,0,0,23,0,0,0,0,0,0,0,0,22
חזון,1047,255,211,0,211,3,9,0,0,0,0,5,16,0,0,0,0,0,0,0,4,3,130,2,0,0,0,11,0,0,0,0,0,0,0,0,28
טפחות,1214,245,199,0,199,1,2,0,0,0,0,0,81,0,0,0,0,0,0,0,12,1,84,0,0,0,0,1,0,1,0,0,0,0,0,0,16
יושיביה,803,334,265,1,264,3,3,0,0,0,0,1,29,0,0,0,0,0,0,0,23,1,93,0,0,0,0,9,0,0,0,0,0,0,0,0,102
כדיתה,1338,128,64,1,63,3,4,0,0,0,0,0,6,0,0,0,0,0,0,0,3,0,24,11,0,0,0,11,0,1,0,0,0,0,0,0,0
כורזים,1252,339,225,0,225,32,5,1,0,0,0,2,10,0,0,0,0,0,0,0,1,11,26,32,0,0,0,105,0,0,0,0,0,0,0,0,0
כחלה,1367,243,176,6,170,0,0,55,0,0,0,1,0,0,0,0,0,0,0,0,2,0,0,9,0,0,0,101,0,0,0,0,0,0,0,2,0
כלנית,1229,186,154,0,154,2,4,0,0,0,0,1,17,0,0,0,0,0,0,0,5,1,105,0,0,0,0,1,0,0,0,0,0,0,0,1,17
כפר גדעון,106,182,140,0,140,5,61,0,0,0,0,2,8,0,0,0,0,0,0,0,3,2,29,0,0,0,0,9,0,0,0,0,0,0,0,0,21
כפר סילבר,107,97,35,0,35,2,0,0,0,0,0,1,1,0,0,0,0,0,0,0,0,1,6,1,0,0,0,23,0,0,0,0,0,0,0,0,0
כפר שמאי,605,334,244,2,242,6,11,0,0,0,0,2,31,0,2,0,0,0,0,0,24,1,101,6,0,0,0,16,0,0,0,0,0,0,0,0,42
כרמי קטיף,1374,208,180,0,180,0,0,0,0,0,0,1,166,0,0,0,0,0,0,0,10,0,1,1,0,0,0,0,0,0,0,0,0,0,0,0,1
כרמל,3656,263,204,0,204,0,5,0,0,0,0,0,153,0,0,0,0,0,0,0,18,0,26,1,0,0,0,1,0,0,0,0,0,0,0,0,0
מחנה הילה,1411,122,90,0,90,3,0,0,0,0,0,0,12,0,0,0,0,0,0,0,0,4,10,10,0,0,0,51,0,0,0,0,0,0,0,0,0
מחנה יהודית,1413,131,91,1,90,3,0,0,0,0,0,0,11,0,0,0,0,0,0,0,1,2,22,2,0,0,0,46,0,0,0,0,0,0,0,0,3
מחנה יפה,1415,217,147,1,146,7,0,0,0,0,0,0,21,0,0,0,0,0,0,0,0,1,36,1,0,0,0,79,0,0,0,0,0,0,0,1,0
מחנה מרים,1414,100,67,0,67,0,0,0,0,0,0,0,8,0,0,0,0,0,0,0,0,1,14,5,0,0,0,37,0,0,0,0,0,0,0,0,2
מחנה תל נוף,1412,176,110,0,110,9,0,0,0,0,0,0,7,0,0,0,0,0,0,0,0,7,26,5,0,0,0,56,0,0,0,0,0,0,0,0,0
מיצר,4019,123,94,0,94,9,1,0,0,0,0,3,5,0,0,0,0,0,0,0,3,7,8,13,0,0,0,45,0,0,0,0,0,0,0,0,0
מלילות,2044,259,202,0,202,4,1,0,0,0,0,3,18,0,0,0,0,0,0,0,26,7,115,0,0,0,0,8,0,0,0,0,0,0,0,0,20
מעון,3657,299,220,0,220,1,3,0,0,0,0,0,161,0,0,0,0,0,0,0,43,1,9,0,0,0,0,1,0,0,0,0,0,0,0,0,1
מצפה,58,136,94,0,94,9,0,0,0,0,0,1,0,0,1,0,0,0,0,0,0,5,20,5,0,0,0,53,0,0,0,0,0,0,0,0,0
מרגליות,843,335,197,0,197,54,2,0,0,0,0,2,8,0,0,0,0,0,0,0,7,4,57,6,0,0,0,43,0,0,0,0,0,2,0,3,9
מרחב עם,1340,185,157,0,157,3,1,0,1,0,0,0,103,0,0,0,0,0,0,0,14,1,18,0,0,0,0,4,1,0,0,0,0,0,0,0,11
נגוהות,3724,139,123,0,123,0,0,0,0,0,0,0,79,0,0,0,0,0,0,0,33,0,9,0,0,0,0,1,0,0,0,0,0,0,0,0,1
נווה איתן,296,186,117,0,117,31,0,0,0,0,0,1,4,0,0,0,0,0,0,0,0,3,9,14,0,0,0,53,0,0,0,0,0,0,0,0,2
נווה זוהר,1057,56,35,0,35,3,0,2,0,0,0,0,3,0,0,0,0,0,0,0,4,0,9,2,0,0,0,10,0,0,0,0,0,1,0,0,1
נווה ים,312,209,162,0,162,15,0,0,0,0,0,0,10,0,0,0,0,0,0,0,4,7,47,14,0,0,0,64,0,0,0,0,0,0,0,0,1
נועם,15,308,228,1,227,1,4,0,0,0,0,2,8,0,0,0,0,0,0,0,4,1,158,0,0,0,0,13,0,0,0,0,0,0,0,0,36
נורית,833,106,87,0,87,1,0,0,0,0,0,0,8,0,0,0,0,0,0,0,6,5,27,8,0,0,0,31,0,0,0,0,0,0,0,0,1
נחל עוז,844,345,236,3,233,69,0,0,0,1,0,2,3,0,0,0,0,0,0,0,0,9,13,22,0,0,0,113,0,0,0,0,0,0,0,0,1
נטור,4014,242,182,2,180,13,0,0,0,0,0,2,52,0,0,0,0,0,0,0,28,6,20,9,0,0,0,45,0,0,2,0,0,0,0,0,3
נטע,1369,221,192,1,191,0,2,0,0,0,0,0,151,0,0,0,0,0,0,0,28,0,4,0,0,0,0,3,0,0,0,0,0,0,0,0,3
עטאוונה שבט,969,112,44,0,44,0,0,40,0,0,0,0,0,0,0,0,0,0,0,0,0,0,0,0,0,0,0,4,0,0,0,0,0,0,0,0,0
עין זיוון,4503,272,183,0,183,11,0,0,0,0,0,0,6,0,0,0,0,0,1,0,0,13,16,26,0,0,0,106,1,0,3,0,0,0,0,0,0
עין קנייא,4502,139,34,0,34,0,0,0,0,0,0,0,2,0,0,0,0,0,0,0,1,1,12,1,0,0,0,14,0,0,0,0,0,0,0,1,2
עמוקה,1212,139,103,1,102,9,0,3,0,0,0,0,5,0,0,0,0,0,0,0,0,3,12,18,0,0,0,51,0,0,0,0,0,0,0,0,1
עמיחי,3824,71,68,0,68,0,2,1,0,0,0,0,18,0,0,0,0,0,0,0,27,0,9,0,0,0,0,1,0,0,0,0,0,0,0,0,10
פדויים,750,332,240,0,240,10,9,0,0,0,0,23,28,0,0,0,0,0,0,0,15,6,100,0,0,0,0,29,0,0,0,0,0,0,0,0,20
פוריה  כפר עבודה,1104,266,174,0,174,4,4,0,0,0,0,0,9,0,0,0,0,0,0,0,2,1,110,0,0,0,0,30,0,0,0,0,0,0,0,4,10
צבעון,1213,150,120,2,118,8,1,1,1,1,0,1,7,0,1,0,0,0,0,0,0,5,8,49,0,0,0,35,0,0,0,0,0,0,0,0,0
קוממיות,766,242,141,1,140,0,136,0,0,0,0,0,0,0,0,0,0,0,0,0,2,0,0,0,0,0,0,0,0,0,0,0,0,0,0,0,2
קלע,4024,214,140,0,140,12,0,0,0,0,0,0,7,0,2,0,0,0,1,0,0,16,35,8,0,0,0,58,0,1,0,0,0,0,0,0,0
רוויה,2016,255,181,0,181,5,2,0,0,0,0,6,2,0,0,0,0,0,0,0,8,0,114,0,0,0,0,9,0,0,0,0,0,0,0,0,35
רחוב,854,324,233,0,233,5,0,0,0,0,0,2,14,0,0,0,0,0,0,0,4,2,171,0,0,0,0,11,0,0,0,0,0,0,0,0,24
ריחן,3568,198,151,1,150,10,0,1,0,0,0,1,18,0,0,0,0,0,0,0,8,8,37,6,0,0,0,60,0,0,0,0,1,0,0,0,0
רתמים,1260,216,180,0,180,14,0,0,0,0,0,0,114,0,0,0,0,0,0,0,10,0,19,2,0,0,0,21,0,0,0,0,0,0,0,0,0
שוקדה,415,267,216,1,215,4,1,0,0,0,0,0,103,0,0,0,0,0,0,0,9,0,65,0,0,0,0,2,0,0,0,0,0,0,0,0,31
שפר,846,319,228,0,228,0,16,1,0,0,0,2,13,0,0,0,0,0,0,0,7,4,123,5,0,0,0,37,0,0,0,0,0,0,0,0,20
שקף,1233,277,222,0,222,30,0,0,2,0,0,13,9,0,0,0,0,0,0,0,2,7,30,21,0,0,0,108,0,0,0,0,0,0,0,0,0
שרשרת,398,245,190,0,190,1,9,0,0,0,0,5,28,0,0,0,0,0,0,0,22,3,97,1,0,0,0,6,0,0,0,0,0,0,0,0,18
תאשור,2062,288,201,0,201,41,0,3,0,0,0,0,8,0,0,0,0,0,0,0,0,4,59,15,0,0,0,64,0,0,0,0,0,0,0,0,7
תומר,3558,249,206,1,205,17,2,0,0,0,0,2,15,0,0,0,0,0,0,0,1,12,59,4,0,0,0,93,0,0,0,0,0,0,0,0,0
תושיה,1083,317,247,0,247,0,4,0,0,0,0,0,143,0,0,0,0,0,0,0,33,1,55,0,0,0,0,3,0,0,0,0,0,0,0,0,8
תירוש,10,332,245,0,245,1,4,0,1,0,0,20,11,0,0,0,0,0,0,0,4,0,93,1,0,0,0,6,0,0,0,0,0,0,0,0,104
תלמי בילו,2050,344,254,1,253,15,2,0,0,0,0,12,14,0,0,0,0,0,0,0,9,4,141,2,0,0,0,37,0,0,0,0,0,0,0,0,17
אביבים,1115,327,234,0,234,5,8,0,0,0,0,3,3,0,0,0,0,0,0,0,11,1,148,0,0,0,0,2,0,0,0,0,0,0,0,0,53
אדורה,3759,246,190,0,190,2,1,1,0,0,0,2,64,0,0,0,0,0,0,0,23,9,51,1,0,0,0,32,0,0,0,0,0,0,0,0,4
אודם,4010,121,98,0,98,14,0,0,0,0,0,8,5,0,1,0,0,0,0,0,2,3,12,5,0,0,0,48,0,0,0,0,0,0,0,0,0
אילות,1126,251,164,0,164,31,0,1,0,0,0,0,0,0,1,0,0,0,0,0,0,2,16,28,0,0,0,85,0,0,0,0,0,0,0,0,0
אילת,2600,13881,5438,26,5412,234,77,42,2,2,0,2,196,1,15,0,1,0,5,2,90,485,2295,103,5,2,0,1490,2,2,2,2,2,1,2,7,343
אלרום,4003,332,243,2,241,38,0,1,0,0,0,1,4,0,0,0,0,0,0,0,4,18,31,30,0,0,0,113,1,0,0,0,0,0,0,0,0
אלוני הבשן,4017,223,166,0,166,5,0,0,0,0,0,1,90,0,0,0,0,0,0,0,14,0,44,1,0,0,0,4,0,0,5,0,0,0,0,0,2
אליפז,1248,111,68,0,68,8,0,0,0,0,0,0,1,0,0,0,0,0,0,0,1,4,5,11,0,0,0,38,0,0,0,0,0,0,0,0,0
אלמגור,1125,289,234,0,234,16,0,2,0,0,0,0,3,0,0,0,0,0,0,0,3,5,8,36,0,0,0,161,0,0,0,0,0,0,0,0,0
אשכולות,3722,332,239,1,238,18,1,0,0,1,0,2,18,0,1,0,0,0,0,0,5,21,92,3,0,0,0,73,0,0,0,0,0,0,0,0,3
אשקלון,7100,47847,28184,194,27990,840,398,26,4,5,1,45,1158,6,18,4,2,4,1,14,669,5716,11334,176,12,9,0,4533,12,44,4,6,21,7,5,25,2891
בית הערבה,3645,153,126,0,126,5,0,0,0,0,0,0,21,0,2,0,0,0,2,0,0,13,50,4,0,0,0,26,0,0,0,0,0,0,0,1,2
בית צבי,212,74,36,0,36,0,22,0,0,0,0,0,0,0,0,0,0,0,0,0,6,0,7,0,0,0,0,0,0,0,0,0,0,0,0,0,1
בית רבן,848,341,254,1,253,0,8,0,0,0,0,0,133,0,0,0,0,0,0,0,36,0,41,0,0,0,0,1,0,0,0,0,0,0,0,0,34
בן שמן כפר נוער,1084,233,164,0,164,28,0,2,0,0,0,0,1,0,0,0,0,0,0,0,0,6,24,20,0,0,0,81,0,0,0,0,0,0,0,0,2
גדיש,145,275,188,0,188,5,2,0,0,0,0,0,10,0,0,0,0,0,0,0,8,1,144,0,0,0,0,6,0,0,0,0,0,0,0,0,12
גונן,852,338,229,2,227,37,0,0,0,0,0,1,7,0,0,0,0,0,0,0,1,7,13,36,0,0,0,124,0,0,0,0,0,0,0,0,1
גיזו,1043,145,115,0,115,15,1,0,0,0,0,2,8,0,0,0,0,0,0,0,0,2,42,15,0,0,0,29,0,0,0,0,0,0,0,0,1
גן הדרום,1072,346,277,0,277,28,0,0,0,0,0,18,13,0,0,0,0,0,0,0,0,10,81,8,0,0,0,116,0,0,0,0,0,0,0,0,3
גני הדר,1103,256,203,1,202,22,1,0,0,0,0,2,11,0,0,0,0,0,0,0,3,8,27,27,0,0,0,101,0,0,0,0,0,0,0,0,0
גני עם,218,212,167,0,167,27,0,1,0,0,0,4,6,0,0,0,0,0,0,0,1,6,16,19,0,0,0,86,0,0,0,0,0,0,0,0,1
גרופית,1129,289,177,0,177,37,0,1,0,0,0,0,1,0,0,0,0,0,0,0,0,2,14,21,0,0,0,100,0,0,0,0,0,0,0,0,1
האון,702,152,92,1,91,27,3,1,0,0,0,0,3,0,0,0,0,0,0,0,0,4,12,3,0,0,0,32,0,0,0,0,0,0,0,2,4
הבונים,675,299,201,0,201,22,0,0,0,0,0,0,1,0,0,0,0,0,0,0,0,4,16,40,0,0,0,118,0,0,0,0,0,0,0,0,0
חברון,3400,296,230,0,230,1,3,0,0,0,0,0,105,0,0,0,0,0,0,0,86,1,24,0,0,0,0,8,1,0,0,0,0,0,0,0,1
חגי,3764,327,261,0,261,0,5,0,0,0,0,0,188,0,0,0,0,0,0,0,37,0,27,0,0,0,0,0,0,0,0,0,0,0,0,0,4
חורשים,355,294,198,0,198,19,0,0,0,0,0,0,4,0,0,0,0,0,0,0,1,7,33,56,0,0,0,78,0,0,0,0,0,0,0,0,0
חרמש,3717,203,140,2,138,5,1,0,0,0,0,0,13,0,1,0,0,0,10,0,0,30,47,5,0,0,0,26,0,0,0,0,0,0,0,0,0
טללים,1177,322,219,0,219,39,0,0,0,0,0,1,10,0,0,0,0,0,0,0,0,7,32,19,0,0,0,108,0,0,0,0,0,0,0,0,3
יד השמונה,1134,162,122,0,122,8,0,0,0,0,0,2,5,0,0,1,0,0,0,0,0,30,24,1,0,0,0,49,0,1,0,0,1,0,0,0,0
יהל,1158,218,128,0,128,16,0,1,0,0,0,0,1,0,0,0,0,0,0,0,0,9,16,17,4,0,0,63,0,0,0,0,0,0,0,0,1
ייטב,3607,209,162,2,160,1,4,0,0,0,0,0,67,0,0,0,0,0,0,0,11,16,56,0,0,0,0,5,0,0,0,0,0,0,0,0,0
יסודות,440,319,295,0,295,0,273,0,0,0,0,0,3,0,0,0,0,0,0,0,5,0,4,1,0,0,0,1,0,0,0,0,0,0,0,0,8
ירדנה,2026,285,206,0,206,7,2,0,0,0,0,25,13,0,0,0,0,0,0,0,3,3,112,0,0,0,0,32,0,0,0,0,0,0,0,0,9
ירקונה,183,311,227,0,227,19,0,0,0,0,0,13,4,0,0,0,0,0,0,0,0,6,23,29,0,0,0,132,0,0,0,0,0,0,0,0,1
כחל,1210,350,254,0,254,47,1,1,0,0,0,0,7,0,0,0,0,0,0,0,0,8,26,21,0,0,0,140,0,0,0,0,0,0,0,0,3
כמהין,1291,233,179,2,177,27,0,0,0,0,0,10,18,0,0,0,0,0,0,0,3,9,13,21,0,0,0,76,0,0,0,0,0,0,0,0,0
כנף,4028,321,234,1,233,20,0,0,0,1,0,10,14,0,0,0,0,0,0,0,1,15,20,16,0,0,0,136,0,0,0,0,0,0,0,0,0
כסלון,859,278,198,1,197,8,5,0,0,0,0,20,5,0,0,0,0,0,0,0,5,3,89,8,0,0,0,13,0,0,0,0,0,0,0,0,41
כפר גלים,427,98,59,0,59,4,1,0,0,0,0,0,2,0,0,0,0,0,0,0,0,8,15,3,0,0,0,23,0,2,1,0,0,0,0,0,0
כפר גליקסון,310,282,214,0,214,35,0,0,0,0,0,2,3,0,0,0,0,0,0,0,2,8,11,45,0,0,0,108,0,0,0,0,0,0,0,0,0
כפר חסידים ב,889,215,161,0,161,1,3,0,0,0,0,2,38,0,0,0,0,0,0,0,3,10,49,2,1,0,0,47,0,0,0,0,0,0,0,0,5
כפר מלל,98,285,232,0,232,28,0,0,0,0,0,32,4,0,0,0,0,0,0,0,2,2,31,32,0,0,0,101,0,0,0,0,0,0,0,0,0
כפר רות,1166,189,159,0,159,15,2,0,0,0,0,58,12,0,0,0,0,0,0,0,5,1,15,7,0,0,0,43,0,0,0,0,0,0,0,0,1
לוטן,1255,159,90,0,90,10,0,1,0,0,0,0,1,0,0,0,0,0,0,0,0,4,4,27,2,0,0,41,0,0,0,0,0,0,0,0,0
מאיר שפיה,102,118,63,1,62,4,0,0,0,0,0,1,1,0,0,0,0,0,0,0,0,9,18,4,0,0,0,24,0,0,0,0,0,0,1,0,0
מבוא דותן,3569,280,192,0,192,1,0,0,0,0,0,0,34,0,0,0,0,0,0,0,38,9,82,1,0,0,0,19,0,0,0,0,0,0,0,0,8
מבוא מודיעים,1141,189,107,1,106,1,17,0,0,0,0,0,37,0,2,0,0,0,0,0,7,0,20,1,0,0,0,8,0,1,0,0,0,0,1,0,11
מחנה יוכבד,1416,121,71,0,71,3,0,0,0,0,0,0,0,0,0,0,0,0,0,0,0,6,8,2,0,0,0,49,0,0,0,0,0,0,0,0,3
מי עמי,1128,256,205,0,205,34,1,2,0,0,0,0,3,0,2,0,0,0,0,0,0,3,5,53,0,0,0,101,0,1,0,0,0,0,0,0,0
מלאה,164,278,216,1,215,12,1,0,0,0,0,5,13,0,0,0,0,0,0,0,6,4,129,1,0,0,0,21,0,0,0,0,0,0,0,0,23
מנרה,347,212,151,0,151,43,0,0,0,0,0,0,4,0,0,0,0,0,0,0,0,10,0,19,0,0,0,75,0,0,0,0,0,0,0,0,0
מסדה,263,272,176,1,175,28,0,0,0,0,0,1,1,0,1,0,0,0,0,0,0,5,19,11,0,0,0,105,0,1,1,0,0,0,0,0,2
מסעדה,4203,346,86,1,85,1,0,3,0,0,0,0,0,0,0,0,0,0,0,1,1,8,19,1,0,0,0,40,0,0,0,0,0,0,0,6,5
מעלה עמוס,3653,341,251,2,249,0,125,0,0,0,0,0,61,0,0,0,0,0,0,0,24,0,17,0,0,0,0,1,0,0,0,0,0,0,0,0,21
מצדות יהודה,3745,314,241,2,239,2,1,0,0,0,0,0,192,0,0,0,0,0,0,0,20,1,14,2,0,0,0,2,0,0,0,0,0,0,0,0,5
מצפה אילן,1370,210,184,0,184,3,1,0,0,0,0,0,143,0,0,0,0,0,0,0,5,0,23,0,0,0,0,9,0,0,0,0,0,0,0,0,0
מצפה שלם,3610,235,178,1,177,31,1,1,0,0,0,1,34,0,0,0,0,0,0,0,4,9,14,12,0,0,0,67,2,0,0,0,0,0,0,0,1
מקווה ישראל,22,150,95,0,95,6,0,0,0,0,0,0,6,0,0,0,0,0,0,0,0,3,25,9,0,0,0,45,0,0,0,0,0,0,0,0,1
משגב עם,378,252,172,2,170,33,0,0,0,0,0,0,3,0,2,0,0,0,0,0,0,11,7,23,0,0,0,90,0,0,0,0,0,1,0,0,0
נאות סמדר,1197,261,159,0,159,15,0,1,0,0,0,0,2,0,0,0,0,0,0,0,3,4,13,56,0,0,0,64,0,0,0,0,0,0,0,0,1
נווה אור,590,340,234,1,233,51,1,0,0,0,0,2,4,0,0,0,0,0,0,0,2,11,21,26,0,0,0,114,0,0,0,0,0,0,0,0,1
נווה אטיב,4303,164,99,0,99,5,0,0,0,0,0,5,5,0,0,2,0,0,0,0,2,3,22,5,0,0,0,49,0,0,0,0,0,0,0,1,0
נווה שלום,1259,213,168,0,168,18,0,101,0,0,0,0,0,0,0,0,0,0,0,0,0,1,0,36,0,2,0,10,0,0,0,0,0,0,0,0,0
נחליאל,3767,330,259,1,258,0,47,0,0,0,0,0,62,0,0,0,0,0,0,0,74,0,32,0,0,0,0,1,0,0,0,0,0,1,0,0,41
ניצנה קהילת חינוך,1195,240,83,0,83,6,0,4,0,0,0,1,12,0,0,1,0,0,0,0,0,8,13,2,0,0,0,35,0,0,0,0,1,0,0,0,0
ניצני סיני,1280,202,121,0,121,16,0,0,0,0,0,9,8,0,1,0,0,0,0,0,0,7,18,7,0,0,0,54,0,0,0,0,0,0,0,0,1
ניצנים,359,347,254,0,254,51,0,0,0,0,0,2,2,0,0,0,0,0,0,0,2,7,8,42,0,0,0,139,0,0,0,0,0,1,0,0,0
נעמה,3713,143,82,1,81,4,0,0,0,0,0,3,6,0,0,0,0,0,0,0,2,4,25,2,0,0,0,35,0,0,0,0,0,0,0,0,0
נתיב הגדוד,3555,228,156,0,156,52,0,0,0,0,0,0,9,0,1,0,0,0,0,0,0,6,34,4,0,0,0,49,0,0,0,0,0,0,0,0,1
סנסנה,3777,241,211,0,211,3,3,0,0,0,0,1,174,0,0,0,0,0,0,0,6,0,16,0,0,0,0,6,0,0,0,0,0,0,0,0,2
עוקבי בנו עוקבה,957,283,143,2,141,3,0,114,0,0,0,0,0,0,0,0,0,0,0,0,0,0,0,13,0,1,0,10,0,0,0,0,0,0,0,0,0
עטרת,3658,298,255,0,255,0,7,0,0,0,0,0,187,0,0,0,0,0,0,0,40,0,19,1,0,0,0,1,0,0,0,0,0,0,0,0,0
עיינות,156,136,53,0,53,9,0,0,0,0,0,0,4,0,0,0,0,0,0,0,4,3,12,4,0,0,0,17,0,0,0,0,0,0,0,0,0
עין חוד,1320,193,116,4,112,0,0,107,0,0,0,0,0,0,0,0,0,0,0,0,0,0,0,4,0,0,0,0,0,0,0,0,0,0,0,0,1
פני חבר,3723,222,174,2,172,1,12,0,0,0,0,0,97,0,0,0,0,0,0,0,35,0,16,0,0,0,0,5,0,0,0,0,0,0,0,0,6
פרזון,2053,320,240,3,237,6,3,0,0,0,0,16,21,0,0,0,0,0,0,1,15,4,129,3,0,0,0,31,0,0,0,1,0,0,0,0,7
צור נתן,1148,228,169,1,168,12,0,0,0,0,0,5,2,0,0,0,0,0,0,0,1,12,51,12,0,0,0,73,0,0,0,0,0,0,0,0,0
צפרירים,1079,305,217,0,217,16,1,4,0,0,0,57,4,0,1,0,0,0,0,0,6,4,37,18,0,0,0,51,0,0,0,0,0,0,0,0,18
קדרים,1211,180,123,0,123,20,0,0,0,0,0,0,0,0,0,0,0,0,0,0,2,2,12,25,0,0,0,62,0,0,0,0,0,0,0,0,0
קרית מלאכי,1034,4898,3119,18,3101,95,251,5,0,1,0,8,195,0,3,2,0,1,0,3,168,83,1259,9,3,4,0,449,0,23,0,0,4,2,6,0,527
שדות מיכה,27,268,187,1,186,7,4,0,2,0,0,19,10,0,0,0,0,0,0,0,5,1,76,0,0,0,0,10,0,0,0,0,0,0,0,0,52
שומריה,1265,336,279,1,278,1,52,0,0,0,0,0,181,0,0,0,0,0,0,0,28,0,7,0,0,0,0,5,0,0,0,0,0,0,0,0,4
שחרות,1266,118,69,0,69,9,0,0,0,0,0,0,1,0,0,0,0,0,0,0,0,5,6,17,0,0,0,31,0,0,0,0,0,0,0,0,0
שעל,4009,210,161,0,161,13,0,0,0,0,0,11,6,0,2,0,0,0,0,0,2,12,42,8,0,0,0,58,0,0,1,0,0,0,0,0,6
שער מנשה,921,131,12,1,11,0,0,0,0,0,0,0,0,0,0,0,0,0,0,0,0,0,2,0,0,0,0,7,0,0,0,0,0,0,0,0,2
תל קציר,719,309,227,2,225,43,0,0,0,0,0,1,1,0,0,0,0,0,0,0,1,14,28,15,0,0,0,119,0,0,1,0,0,0,0,0,2
תל תאומים,1283,328,233,0,233,5,1,1,0,0,0,0,33,0,1,0,0,0,0,0,9,0,145,0,0,0,0,14,0,2,0,0,0,0,1,0,21
אבו רוקייק שבט,961,1362,594,3,591,1,0,569,0,0,0,0,0,0,0,0,0,0,0,1,0,0,5,2,1,0,0,10,0,0,0,0,0,0,0,0,2
אבטליון,1275,305,233,0,233,17,0,3,0,0,0,0,18,0,0,0,0,0,0,0,0,7,17,36,0,0,0,135,0,0,0,0,0,0,0,0,0
אבירים,1220,195,135,0,135,13,0,0,0,0,0,0,2,0,0,0,0,0,0,0,1,2,3,48,0,0,0,64,0,0,0,0,0,0,0,0,2
אושה,278,373,261,0,261,32,1,3,0,0,0,0,2,0,0,0,0,0,0,0,2,7,18,29,0,0,0,167,0,0,0,0,0,0,0,0,0
איילת השחר,77,814,567,0,567,110,3,0,0,1,0,4,6,0,0,0,0,0,1,0,0,29,44,73,1,0,0,291,0,0,0,0,0,0,1,2,1
אלון הגליל,1182,432,334,0,334,29,0,0,0,0,0,1,6,0,0,0,0,0,0,0,0,3,9,92,0,0,0,194,0,0,0,0,0,0,0,0,0
אלקוש,603,258,170,0,170,30,0,0,0,0,0,7,1,0,0,0,0,0,0,0,7,4,75,3,0,0,0,18,0,0,0,0,0,0,0,0,25
אפיק,4301,249,169,0,169,27,0,0,0,0,0,0,7,0,0,0,0,0,0,0,3,12,12,20,0,0,0,85,0,0,3,0,0,0,0,0,0
ארז,714,417,310,1,309,80,0,0,0,0,0,2,4,0,0,0,0,0,0,0,2,8,15,41,0,0,0,155,0,1,0,0,0,0,0,0,1
ארסוף,1324,123,74,0,74,6,0,0,0,0,0,1,0,0,0,0,0,0,0,0,0,5,10,15,0,0,0,37,0,0,0,0,0,0,0,0,0
אשדוד,70,35060,21108,136,20972,638,1785,7,5,2,0,33,649,1,22,6,6,3,16,4,316,3567,7094,121,14,4,1,3679,7,23,0,0,9,2,5,12,2941
באקה אלגרביה,6000,2451,1422,6,1416,8,0,1338,0,0,0,0,1,0,0,0,0,0,0,2,1,0,3,26,0,0,0,35,0,0,0,0,0,0,1,1,0
באר שבע,9000,22013,12072,118,11954,458,166,59,13,0,0,7,489,1,12,1,1,1,5,3,255,2174,5088,174,7,2,1,1955,6,12,1,2,5,2,5,8,1041
בועיינהנוגידאת,482,698,395,3,392,3,0,380,0,0,0,0,0,0,0,0,0,0,0,2,0,0,0,3,0,0,0,1,0,1,0,0,1,0,1,0,0
בית אורן,317,307,205,0,205,31,2,1,0,0,0,0,3,0,0,0,0,0,0,0,1,4,20,36,0,0,0,106,1,0,0,0,0,0,0,0,0
בית ינאי,200,303,193,0,193,16,0,4,0,0,0,3,2,0,0,0,0,0,0,0,0,5,12,31,0,0,0,120,0,0,0,0,0,0,0,0,0
ביתן אהרן,252,193,75,0,75,5,2,0,0,0,0,5,4,0,0,0,0,0,0,0,2,5,6,6,0,0,0,39,0,0,0,0,0,0,0,0,1
בני ברק,6100,11079,7558,101,7457,69,3821,2,1,0,0,0,90,0,2,0,1,0,0,0,105,89,634,20,1,0,1,218,0,5,1,0,1,1,0,2,2393
ברכיה,746,337,268,0,268,2,14,0,0,0,0,36,30,0,0,0,0,0,0,0,24,0,111,0,0,0,0,2,0,1,0,0,0,0,0,0,48
בת ים,6200,17837,8635,72,8563,382,137,14,5,1,0,4,260,5,9,2,0,1,8,1,156,1701,3141,135,4,2,0,1896,2,6,0,2,4,3,2,6,674
גש גוש חלב,487,552,333,6,327,16,0,210,0,0,0,0,1,0,0,3,0,0,0,0,0,65,2,6,0,0,0,22,0,0,0,0,0,0,0,0,2
גבעת שפירא,1077,212,166,0,166,9,0,2,0,0,0,0,9,0,0,0,0,0,0,0,0,2,10,17,0,0,0,116,0,0,0,0,0,0,0,0,1
גבעתיים,6300,2873,2094,9,2085,221,13,16,0,0,0,0,64,1,1,0,0,0,0,0,15,89,335,261,0,0,1,1031,1,2,0,0,0,0,2,2,30
גיתה,1206,201,137,5,132,10,0,1,0,0,0,0,2,0,0,0,0,0,0,0,2,29,29,17,0,0,0,42,0,0,0,0,0,0,0,0,0
גליל ים,346,348,264,2,262,65,0,3,0,0,0,2,4,0,1,0,0,0,0,0,0,4,11,27,0,0,0,136,0,1,0,0,0,0,0,1,7
דור,738,276,225,2,223,13,1,0,0,0,0,13,4,0,0,0,0,0,0,0,0,10,46,9,0,0,0,126,0,0,0,0,0,0,0,0,1
דימונה,2200,5920,3085,46,3039,89,43,15,6,1,0,2,118,2,1,0,0,0,0,0,38,324,1562,35,0,0,0,421,1,1,0,1,1,1,0,1,376
דמיידה,1317,315,200,1,199,0,0,165,0,0,0,0,0,0,0,0,1,0,0,0,1,0,5,12,0,0,0,14,0,0,0,0,0,0,1,0,0
הראל,464,220,120,0,120,17,0,3,0,0,0,3,1,0,0,0,0,0,0,0,0,2,4,34,0,0,0,56,0,0,0,0,0,0,0,0,0
הררית,1203,343,253,0,253,23,1,4,0,0,0,0,2,0,2,0,0,0,0,0,0,2,15,77,0,0,0,126,0,0,0,0,0,1,0,0,0
זיקים,584,718,478,0,478,56,0,2,0,0,0,1,16,0,0,0,0,0,0,0,3,19,59,115,0,0,0,204,0,0,0,0,0,0,0,0,3
חדרה,6500,17890,10445,61,10384,426,153,18,2,1,0,5,369,1,8,2,3,1,0,1,162,1194,4124,237,4,1,0,2696,3,9,0,3,7,3,4,10,937
חולון,6600,25767,16223,81,16142,862,174,16,6,2,0,3,573,1,15,3,0,1,0,6,227,1538,5949,355,4,6,0,4667,5,16,0,4,5,4,4,7,1689
חיפה,4000,37370,20564,127,20437,1110,597,1344,12,6,0,7,809,3,22,4,3,9,0,6,223,2641,5034,1180,9,6,0,6735,7,16,4,8,7,6,4,14,611
חמדיה,343,300,220,0,220,51,1,0,0,0,0,0,7,0,1,0,0,0,0,0,0,2,33,8,0,0,0,116,0,0,0,0,0,0,0,0,1
חפץ חיים,363,335,284,0,284,3,6,0,0,0,0,0,183,0,0,0,0,0,0,0,22,3,60,0,0,0,0,6,0,0,0,0,0,0,0,0,1
טבריה,6700,30915,18485,94,18391,519,1214,22,3,2,0,6,622,2,6,1,0,0,22,1,494,1237,8393,65,0,1,0,1886,1,1,3,2,5,2,6,417,3458
טובאזנגריה,962,777,339,7,332,6,8,201,0,1,0,0,0,0,0,0,0,0,0,11,2,0,7,11,0,0,0,82,0,0,0,0,0,0,1,0,2
יבנה,2660,2970,2186,12,2174,99,35,0,0,0,0,2,125,0,3,0,0,0,0,0,55,119,778,36,0,0,0,660,1,11,0,1,1,0,0,0,248
יגור,96,1343,936,2,934,220,2,1,0,1,0,1,9,0,0,0,0,0,0,0,2,23,44,108,0,0,0,519,2,0,0,0,1,0,0,0,1
יד נתן,775,420,322,0,322,31,1,0,1,0,0,13,8,0,1,0,0,0,0,0,1,15,50,8,0,0,0,188,0,0,0,0,0,0,0,0,5
יד רמבם,64,848,638,0,638,24,9,0,0,0,0,60,35,0,0,0,0,0,0,0,14,13,328,4,0,0,0,83,0,0,0,0,0,0,0,0,68
יזרעאל,452,566,343,1,342,63,0,1,0,0,0,0,1,0,0,0,0,0,0,0,0,11,10,56,0,0,0,200,0,0,0,0,0,0,0,0,0
יעף,1044,165,139,0,139,14,1,2,0,0,0,0,4,0,2,0,0,0,0,0,1,3,24,19,0,0,0,67,0,0,0,0,0,0,0,0,2
ירושלים,3000,123276,73008,498,72510,2385,17337,1342,9,11,0,35,6574,6,29,21,7,15,47,9,2486,2204,17187,2477,14,9,0,8584,23,23,3,5,22,7,7,16,11616
כישור,1153,122,96,0,96,11,1,0,0,0,0,0,0,0,0,0,0,0,0,0,2,0,10,10,0,0,0,60,1,0,0,0,0,0,0,0,1
כסראסמיע,1296,1157,280,0,280,27,1,10,0,0,0,0,48,0,0,0,0,0,0,0,1,26,7,15,0,0,0,145,0,0,0,0,0,0,0,0,0
כפר המכבי,254,307,212,0,212,36,0,0,0,0,0,0,2,0,0,0,0,0,0,0,0,8,14,24,0,0,0,127,0,0,0,0,0,0,0,0,1
כפר סבא,6900,12620,9200,28,9172,614,69,27,7,1,0,5,415,0,3,0,1,1,0,0,86,609,1950,663,6,0,0,4484,0,3,1,1,3,0,1,7,215
לבנים,1230,324,226,0,226,19,4,1,0,0,0,14,8,0,0,0,0,0,0,0,7,9,74,12,0,0,0,75,0,0,0,0,0,0,0,0,3
לפידות,1173,129,96,0,96,11,0,0,0,0,0,0,2,0,0,0,0,0,0,0,1,2,48,1,0,0,0,21,0,0,0,0,0,0,0,0,10
מבקיעים,573,372,274,0,274,17,1,0,0,0,0,5,17,0,0,0,0,0,0,0,8,9,105,4,0,0,0,85,0,0,0,0,0,0,0,0,23
מולדת,269,792,576,3,573,69,2,0,0,0,0,6,14,0,0,0,0,0,0,0,0,17,44,60,0,0,0,357,0,0,0,0,1,0,0,0,3
מורן,1163,337,257,1,256,26,0,0,0,0,0,1,3,0,0,0,0,0,1,0,0,11,19,33,0,0,0,161,0,0,0,0,0,0,0,0,1
מירון,607,443,261,0,261,3,61,0,0,0,0,3,79,0,0,0,0,0,0,0,29,0,42,1,0,0,0,6,0,0,0,0,0,0,0,0,37
מעלה עירון,1327,2481,1097,4,1093,4,1,1048,0,0,0,0,1,0,0,0,1,0,0,6,1,1,3,10,0,1,0,10,0,0,0,0,1,0,0,0,5
מתת,1184,155,101,0,101,18,1,2,0,0,0,0,4,0,0,0,0,0,0,0,0,9,4,34,0,0,0,28,1,0,0,0,0,0,0,0,0
נגבה,315,701,482,1,481,58,1,3,0,0,0,5,4,0,0,0,0,0,0,0,2,28,27,104,0,0,0,246,0,0,1,0,0,0,0,0,2
נעורים,186,195,73,1,72,7,0,0,0,0,0,0,2,0,0,0,0,0,0,0,0,5,11,2,0,0,0,44,0,0,0,0,0,0,0,0,1
נצרת,7300,1917,1052,3,1049,5,0,943,0,0,0,0,1,0,0,0,0,0,0,3,0,16,15,21,0,0,0,38,0,0,0,0,1,0,0,0,6
נשר,2500,7028,4280,33,4247,194,42,19,1,1,0,2,83,0,4,0,0,0,1,0,45,768,1403,118,1,0,0,1354,2,0,0,3,1,1,1,3,200
נתניה,7400,45166,24836,151,24685,868,450,12,6,5,1,20,1268,0,14,2,7,2,0,9,468,2888,9542,383,12,4,0,5462,7,51,4,5,11,16,9,18,3141
סואעד חמרייה,942,146,66,0,66,3,0,56,0,0,0,0,0,0,0,0,0,0,0,0,0,0,0,3,0,0,0,4,0,0,0,0,0,0,0,0,0
סמר,1156,227,149,1,148,15,0,4,0,0,0,0,0,0,0,0,0,1,0,0,0,3,1,64,0,0,0,60,0,0,0,0,0,0,0,0,0
עדנים,2035,300,232,0,232,14,0,1,0,0,0,41,4,0,0,0,0,0,0,0,0,8,23,21,0,0,0,120,0,0,0,0,0,0,0,0,0
עין דור,436,904,577,2,575,65,0,1,0,0,0,0,8,0,0,0,0,2,0,0,0,23,31,147,0,0,0,298,0,0,0,0,0,0,0,0,0
עפולה,7700,17784,11565,61,11504,409,572,18,2,1,0,9,470,2,14,0,1,3,1,2,263,1208,5339,99,8,5,0,2091,3,17,1,2,1,3,2,8,950
פוריה עילית,1313,855,558,5,553,39,5,6,0,0,0,0,25,0,2,0,0,0,0,0,10,45,253,13,0,0,0,132,0,0,0,0,0,0,0,10,13
צביה,1180,267,184,1,183,16,0,0,0,0,0,0,8,0,0,0,0,0,0,0,0,4,11,33,0,0,0,111,0,0,0,0,0,0,0,0,0
צוקי ים,1102,162,114,0,114,6,1,0,0,0,0,0,1,0,1,0,0,0,0,0,1,2,12,22,0,0,0,62,0,0,0,0,0,1,0,0,5
צוריאל,774,288,213,1,212,45,0,0,0,0,0,19,9,0,0,0,0,0,0,0,12,3,95,1,0,0,0,13,0,0,0,0,0,0,0,0,15
קוואעין שבט,972,475,94,0,94,1,0,86,0,0,0,0,0,0,0,0,0,0,0,0,0,0,3,0,0,1,0,1,0,0,0,0,1,1,0,0,0
קיסריה,1167,1217,777,2,775,54,1,2,0,0,0,0,19,0,1,0,0,0,0,0,3,39,167,63,0,0,0,421,0,0,0,0,0,0,0,0,5
קליה,3601,313,221,2,219,18,3,1,0,0,0,0,13,0,1,0,0,0,0,0,3,16,38,4,0,0,0,120,0,1,0,0,0,0,0,0,1
קרית אתא,6800,26864,17341,84,17257,742,421,6,3,1,0,11,891,1,14,2,1,0,0,2,358,1868,7586,146,2,0,0,3711,2,4,2,1,10,3,8,13,1448
קרית ביאליק,9500,16722,10467,66,10401,558,132,14,5,3,0,3,272,0,6,0,0,2,0,1,100,1370,3654,221,2,2,0,3673,2,5,1,1,8,2,2,5,357
קרית גת,2630,17908,11549,97,11452,349,539,2,11,1,0,17,451,1,10,0,3,3,0,8,219,1687,4478,52,3,5,0,1892,6,22,0,0,7,3,11,14,1658
קרית ים,9600,14953,8249,75,8174,260,64,6,2,1,1,0,222,1,10,6,1,1,2,7,116,1649,3564,62,4,1,1,1763,2,5,5,1,7,1,2,5,402
קרית מוצקין,8200,11844,7505,65,7440,469,43,8,1,3,0,5,267,0,4,0,0,2,0,2,96,981,2468,159,1,1,0,2649,2,4,0,0,1,4,2,6,262
קרית ענבים,78,306,209,0,209,39,1,1,0,0,0,0,1,0,0,0,0,0,0,0,0,9,17,40,0,0,0,100,0,0,0,0,0,0,0,0,1
ראס אלעין,1334,264,189,1,188,7,1,103,0,0,0,0,0,0,0,1,1,0,0,1,1,8,3,2,0,0,0,60,0,0,0,0,0,0,0,0,0
ראשון לציון,8300,36573,23713,97,23616,1311,208,15,13,4,0,13,840,4,26,4,1,1,0,5,275,2695,7608,490,6,3,0,9126,6,39,0,1,8,9,5,9,891
רחובות,8400,6819,4278,20,4258,235,73,21,1,1,0,6,284,0,15,1,0,2,15,2,105,466,1174,266,1,0,0,1307,0,15,1,0,0,0,1,2,264
ריחאניה,540,913,534,10,524,81,1,56,0,0,0,0,7,0,0,0,0,1,0,1,1,44,9,23,0,0,0,294,0,0,0,0,0,0,0,0,6
רכסים,922,3029,2635,19,2616,9,1183,0,0,0,0,0,17,0,0,0,0,0,0,0,27,6,93,3,1,0,0,30,0,0,1,0,0,0,0,0,1246
רמלה,8500,11328,6876,92,6784,185,62,456,0,1,0,8,193,0,8,6,0,1,0,6,133,458,3248,59,1,17,0,860,1,13,1,0,2,2,3,3,1057
רמת גן,8600,17866,11571,68,11503,898,238,44,3,0,0,5,560,2,10,1,0,0,0,1,112,729,3004,768,0,2,0,4613,2,4,1,1,2,4,1,9,489
רמת יוחנן,178,383,272,1,271,47,0,0,0,0,0,0,4,0,0,0,0,0,0,0,1,12,11,45,0,0,0,150,0,1,0,0,0,0,0,0,0
רעננה,8700,4199,2650,11,2639,135,30,2,1,1,0,1,308,0,3,0,0,0,0,0,38,119,637,164,1,0,0,1069,0,1,0,0,0,1,0,0,128
שדה דוד,36,415,314,1,313,12,5,1,0,0,0,17,12,0,0,0,0,0,0,0,7,7,142,2,0,0,0,57,1,0,0,0,0,0,0,0,50
שדה יואב,293,373,302,1,301,57,0,1,0,0,0,1,3,0,0,0,0,0,0,0,0,10,9,69,0,0,0,149,0,0,0,0,0,1,0,0,1
שדמה,555,382,293,2,291,22,0,2,0,0,0,14,3,0,0,1,0,0,0,0,0,9,20,38,0,0,0,182,0,0,0,0,0,0,0,0,0
שדרות,1031,3461,2137,29,2108,168,30,5,0,0,0,1,147,1,0,0,0,0,0,0,101,269,957,15,0,1,0,178,0,1,0,0,1,0,0,1,232
שזור,527,279,193,0,193,10,4,0,0,0,0,7,3,0,0,0,0,0,0,0,3,2,116,1,0,0,0,31,0,0,0,0,1,0,0,0,15
תל אביב  יפו,5000,15230,8553,33,8520,571,100,284,3,1,0,3,260,1,6,0,0,0,0,0,87,454,1948,1050,2,2,0,3199,1,8,0,0,2,1,3,7,527
אביטל,2052,388,308,2,306,8,9,0,0,0,0,4,26,1,0,0,0,0,0,0,13,6,186,0,0,0,0,29,0,0,0,0,0,0,0,0,24
אומן,1108,355,221,0,221,7,4,0,0,0,0,0,9,0,0,0,0,0,0,0,4,40,114,0,0,0,0,32,0,0,0,0,0,0,0,0,11
אור עקיבא,1020,2490,1533,10,1523,44,15,1,0,0,0,0,45,0,1,0,0,1,0,0,18,226,826,9,1,0,0,194,0,0,0,0,0,0,0,2,140
אילניה,49,460,310,0,310,20,1,1,0,0,0,10,18,0,0,0,0,0,0,0,3,14,102,14,0,0,0,121,0,1,0,0,0,0,0,2,3
אכסאל,478,722,465,5,460,1,0,437,0,0,0,0,0,0,0,0,0,1,0,1,1,0,1,3,1,0,0,12,0,0,2,0,0,0,0,0,0
אעבלין,529,402,296,0,296,0,1,282,0,0,0,0,0,0,0,0,0,0,0,0,0,4,3,2,0,0,0,4,0,0,0,0,0,0,0,0,0
אשדות יעקב  מאוחד,188,516,345,1,344,84,0,0,0,1,0,2,9,0,0,0,0,0,0,0,7,17,49,26,0,0,0,146,0,0,0,0,0,0,0,0,3
ביריה,368,592,434,0,434,17,13,0,0,0,0,0,23,0,1,0,0,0,0,0,31,11,238,3,0,0,0,38,0,0,0,0,0,0,1,0,58
בית נקופה,672,474,368,0,368,27,2,1,0,0,0,18,15,0,0,0,0,0,0,0,5,16,91,42,1,0,0,132,0,0,0,0,0,0,0,0,18
בית שאן,9200,5002,3494,13,3481,160,49,8,0,0,0,2,184,0,0,0,0,0,0,0,119,63,1916,5,0,1,0,224,0,0,0,0,0,1,1,0,748
בית שמש,2610,8780,5184,19,5165,41,2411,0,1,0,0,4,570,0,1,1,1,0,0,3,208,148,661,12,0,0,0,160,0,1,0,0,0,0,0,0,942
ביתר עילית,3780,6053,4945,28,4917,0,3169,0,1,0,0,0,58,0,1,0,0,0,0,0,206,2,136,0,0,0,0,8,0,0,0,0,0,0,0,0,1336
בלפוריה,94,393,322,0,322,32,3,0,0,0,0,9,19,0,1,0,0,0,0,0,3,26,51,18,0,0,0,156,0,0,0,0,0,0,0,0,4
גסר אזרקא,541,1345,527,7,520,4,1,478,0,0,0,0,1,0,0,0,1,0,0,2,0,0,2,7,1,1,0,12,1,2,0,1,4,0,1,0,1
גת,628,1232,569,5,564,1,0,525,0,1,0,0,2,0,0,0,0,0,0,2,0,1,0,20,0,0,0,6,1,0,0,0,1,0,0,0,4
גבעת אלה,1288,944,682,0,682,54,3,2,0,0,0,0,7,0,1,0,0,0,0,0,1,24,47,127,0,0,0,414,0,0,0,0,0,0,0,0,2
גבעת שמואל,681,1890,1426,4,1422,56,39,3,0,0,0,0,500,0,1,0,1,0,0,0,51,57,338,19,0,0,0,271,0,0,0,0,0,0,0,0,86
גזר,370,385,205,1,204,25,0,2,0,0,0,3,2,0,0,0,0,0,0,0,0,6,13,47,0,0,0,106,0,0,0,0,0,0,0,0,0
גן חיים,239,542,433,0,433,48,1,3,0,0,0,7,9,0,0,0,0,0,0,0,1,17,37,46,0,0,0,263,0,0,0,0,0,0,0,1,0
גן יבנה,166,1345,1022,4,1018,46,11,1,0,1,0,0,89,0,1,0,0,0,8,0,27,59,435,7,0,0,0,251,1,0,0,0,0,0,0,0,81
גפן,39,266,213,2,211,5,6,0,0,0,0,4,13,0,0,0,0,0,0,0,2,2,109,2,0,0,0,16,0,0,0,0,0,0,0,0,52
גשר,305,416,250,2,248,73,0,4,0,0,0,1,0,0,1,0,0,0,0,0,1,6,22,25,0,0,0,115,0,0,0,0,0,0,0,0,0
הוד השרון,9700,737,555,1,554,35,4,0,0,0,0,1,5,0,0,0,0,0,0,0,0,18,124,41,0,0,0,304,0,0,0,0,0,0,0,0,22
חבר,1110,345,250,0,250,15,2,0,0,0,0,1,7,0,0,0,0,0,0,0,6,20,131,4,0,0,0,51,0,0,0,0,0,0,0,0,13
חוקוק,374,457,307,0,307,89,0,3,0,0,0,1,8,0,0,0,0,1,0,0,4,9,15,61,0,0,0,115,0,0,1,0,0,0,0,0,0
חורה,1303,1913,688,6,682,28,0,571,0,0,0,0,1,0,1,0,2,0,0,1,1,2,13,11,0,8,0,38,0,1,0,0,0,0,2,0,2
חלץ,820,353,245,1,244,16,2,0,1,0,0,17,18,0,0,0,0,0,0,0,7,4,133,2,0,0,0,16,0,0,0,0,0,0,0,0,28
חצור הגלילית,2034,2323,1543,7,1536,39,45,3,0,0,3,1,78,0,0,0,0,0,13,0,35,102,847,3,0,0,0,87,0,0,2,0,0,0,0,1,277
טירת כרמל,2100,4594,3150,15,3135,142,19,2,0,1,0,0,131,1,3,0,0,0,0,0,54,204,1589,33,0,0,0,611,0,0,0,0,3,0,1,1,340
יפעת,134,400,294,2,292,66,0,2,0,0,0,0,4,0,0,0,0,0,0,0,3,11,22,41,0,0,0,142,0,0,0,0,0,0,0,0,1
כפר חבד,696,1128,793,1,792,1,309,0,0,0,0,0,100,0,0,0,0,0,0,0,153,0,165,1,0,0,0,1,0,0,0,0,0,0,0,0,62
כפר מרדכי,764,463,373,0,373,22,2,0,0,0,0,16,5,0,1,0,0,0,0,0,1,9,23,44,0,0,0,249,0,0,0,0,0,0,0,0,1
כרמיאל,1139,9188,5437,49,5388,225,143,52,1,0,0,2,220,1,5,1,0,1,2,2,38,1336,1641,98,1,0,2,1455,0,2,0,4,2,1,0,4,149
לוד,7000,7996,4508,38,4470,85,206,585,2,1,0,3,181,0,2,3,1,0,0,198,179,679,1374,41,4,12,1,511,0,2,0,0,7,6,3,1,383
לקיה,1060,728,159,0,159,6,0,140,0,0,0,0,2,0,0,0,0,0,0,0,0,0,2,0,0,1,0,4,1,0,0,0,1,1,0,0,1
מבשרת ציון,1015,4600,3233,7,3226,238,18,9,0,0,0,11,167,0,1,1,0,2,0,0,53,141,1014,302,0,0,0,1125,3,1,0,0,0,1,2,0,137
מגאר,481,719,343,3,340,5,0,73,0,0,0,0,14,0,0,1,0,0,0,0,0,81,8,10,0,1,0,108,0,0,0,0,0,0,0,0,39
מגדל העמק,874,7877,4940,46,4894,163,99,3,1,0,1,0,142,1,6,0,2,1,0,2,85,1176,1986,32,1,0,0,679,0,7,1,1,2,1,1,1,500
מגן שאול,1155,384,308,0,308,13,1,0,1,0,0,2,16,0,1,0,0,0,0,0,8,11,164,6,0,0,0,75,1,0,0,0,0,0,0,0,9
מודיעין עילית,3797,2264,1952,23,1929,0,1528,0,0,0,0,0,1,0,0,0,0,0,0,0,9,1,14,0,0,0,0,1,2,0,0,0,0,0,0,0,373
מכמנים,1202,358,263,0,263,24,0,0,1,0,0,0,5,0,1,0,0,0,0,0,0,9,24,55,0,0,0,144,0,0,0,0,0,0,0,0,0
מסד,1258,384,268,0,268,74,0,0,0,0,0,2,6,0,1,0,0,0,0,0,5,6,29,16,0,0,0,128,0,0,0,0,0,0,0,1,0
מעלה אדומים,3616,7641,5200,15,5185,137,78,5,5,0,0,4,550,1,3,0,0,0,0,1,201,501,2623,31,2,0,0,607,1,3,0,0,3,0,3,3,423
נהריה,9100,23101,13810,98,13712,661,67,59,3,1,0,5,505,3,18,0,1,0,13,1,203,2152,5637,233,2,3,0,3286,1,5,3,3,3,0,3,12,829
נוף איילון,1333,543,433,2,431,3,20,0,0,0,0,0,332,0,0,0,0,0,0,0,23,0,28,0,0,0,0,4,0,0,0,0,0,0,0,0,21
נוף הגליל,1061,14602,7902,87,7815,160,314,1174,7,3,0,0,161,2,5,7,7,2,3,3,109,1918,2640,92,8,3,0,884,2,6,3,4,10,8,3,8,269
נחשונים,705,348,249,1,248,24,0,0,0,0,0,0,1,0,1,0,0,0,0,0,0,11,15,89,0,0,0,106,0,1,0,0,0,0,0,0,0
נילי,3655,554,420,1,419,22,3,1,0,0,0,2,75,0,4,0,0,0,0,0,6,25,132,4,0,0,0,138,0,1,0,0,1,0,0,0,5
ניצן ב,1419,305,222,0,222,4,1,0,0,0,0,3,49,0,0,0,0,0,0,0,54,0,84,1,0,0,0,9,1,0,0,0,0,0,0,0,16
ניר יפה,165,408,298,0,298,31,0,0,1,0,0,3,9,0,0,0,1,0,0,0,4,8,116,3,0,0,0,107,0,0,0,0,0,0,0,0,15
נס ציונה,7200,1728,1343,2,1341,132,3,2,1,0,0,1,51,0,0,0,0,0,0,0,13,60,295,72,0,0,0,678,0,0,0,0,0,0,0,0,33
סייד שבט,1170,236,60,2,58,2,0,15,0,0,0,0,0,0,0,0,0,0,0,0,0,0,5,2,0,28,0,6,0,0,0,0,0,0,0,0,0
סתריה,610,367,282,0,282,26,1,0,0,0,0,17,12,0,0,0,0,0,0,0,3,10,31,16,0,0,0,165,0,0,0,0,0,0,0,0,1
עוזייר,528,611,371,0,371,0,0,350,0,0,0,0,1,0,0,0,0,0,1,0,0,0,0,5,0,0,1,9,0,0,0,0,0,1,0,0,3
עומר,666,460,321,1,320,42,2,1,0,0,0,0,14,0,0,0,0,0,0,0,0,13,73,31,0,0,0,144,0,0,0,0,0,0,0,0,0
עופרה,3617,1879,1445,2,1443,4,8,1,0,0,0,1,986,0,0,0,0,0,0,0,152,3,248,1,0,0,0,27,0,0,0,0,0,0,0,1,11
עין גב,273,481,318,1,317,82,0,1,0,0,0,0,4,0,1,0,0,0,0,0,0,8,33,34,0,0,0,150,0,0,3,1,0,0,0,0,0
עין חרוד איחוד,89,519,376,1,375,61,1,1,0,0,0,0,6,0,1,0,0,0,0,0,2,13,15,39,0,0,0,236,0,0,0,0,0,0,0,0,0
עכו,7600,21243,13412,98,13314,362,81,2174,2,1,0,1,513,1,7,1,0,5,0,6,203,1516,5660,90,8,0,0,1347,1,2,2,0,11,2,3,3,1312
עמיעד,385,432,276,1,275,48,0,0,0,0,0,0,4,0,1,0,0,0,0,0,1,4,11,52,0,0,0,153,0,0,0,0,0,0,0,0,1
עשרת,591,399,310,0,310,27,1,1,0,0,0,2,4,0,0,0,0,0,0,0,1,8,37,40,0,0,0,186,0,0,0,0,0,0,0,0,3
פתח תקווה,7900,6462,4453,25,4428,226,100,4,1,0,0,5,344,1,8,1,0,0,0,2,76,346,1478,104,0,2,0,1435,0,5,0,2,0,1,1,2,284
צנדלה,636,602,300,2,298,0,0,290,0,1,0,0,0,0,0,0,0,0,0,1,0,0,0,4,0,0,0,1,0,0,0,1,0,0,0,0,0
צפת,8000,20020,12270,81,12189,204,1861,147,5,0,0,3,862,5,4,0,1,0,1,2,985,755,4390,60,1,0,1,765,0,4,12,3,5,0,4,74,2035
קצרין,4100,2897,1715,7,1708,78,16,1,0,1,0,1,184,0,2,0,1,0,14,0,54,311,616,27,2,0,0,340,0,2,2,0,0,1,1,0,54
קרית טבעון,2300,3594,2486,5,2481,272,36,18,1,1,0,6,67,0,5,0,0,0,0,0,13,103,375,367,0,0,0,1191,4,0,0,0,1,0,0,1,20
רווחה,2051,426,347,0,347,8,2,0,0,0,0,55,12,0,0,0,0,0,0,0,9,4,189,0,0,0,0,9,0,1,1,0,0,0,0,0,57
רמת השרון,2650,2351,1688,5,1683,137,26,2,0,0,0,1,36,0,2,0,0,0,0,0,12,40,283,219,0,0,0,893,0,0,0,0,0,1,0,1,30
שוהם,1304,967,751,0,751,45,1,0,0,0,0,1,76,0,1,0,0,0,0,0,4,35,170,45,0,0,0,366,0,0,0,0,0,0,0,0,7
שלוחות,439,356,257,1,256,23,5,0,0,0,0,1,129,0,0,0,0,0,0,0,4,1,50,1,0,0,0,40,0,0,0,0,0,0,0,0,2
תלמי יפה,744,491,359,0,359,37,0,1,0,0,0,7,29,0,0,0,0,0,0,0,4,17,83,16,0,0,0,165,0,0,0,0,0,0,0,0,0
אבו קורינאת שבט,968,2226,927,9,918,9,0,837,0,1,0,0,2,0,1,0,1,0,0,1,0,1,4,6,0,4,0,43,1,0,0,0,0,1,3,0,3
אטרש שבט,965,515,173,1,172,0,0,130,0,0,0,0,0,0,0,1,1,0,0,1,1,2,1,2,0,2,0,28,0,0,1,0,0,0,1,0,1
אפרת,3650,2429,1769,6,1763,29,20,0,1,0,0,0,1059,0,3,0,1,0,0,0,108,15,394,6,0,0,0,110,3,1,0,0,0,0,0,0,13
בית גמליאל,571,379,292,0,292,10,4,0,0,0,0,1,155,0,0,0,0,0,0,0,18,3,68,1,0,0,0,18,1,0,0,0,0,0,0,0,13
בית קשת,365,480,353,0,353,57,0,1,0,2,0,0,4,0,2,0,0,0,0,0,1,5,19,125,0,0,0,137,0,0,0,0,0,0,0,0,0
בן שמן מושב,2013,582,444,1,443,35,2,1,0,0,0,12,9,0,2,0,0,0,0,0,3,6,99,32,0,0,0,233,0,0,0,0,2,0,0,1,6
בני עיש,1066,425,247,4,243,0,2,0,0,0,0,0,2,0,0,0,0,0,0,0,2,129,61,0,0,0,0,44,0,0,0,0,0,0,0,0,3
גבע בנימין,3763,605,428,2,426,6,8,0,0,0,0,0,56,0,0,0,0,1,0,0,52,16,191,3,0,0,0,34,0,0,0,0,0,1,0,1,57
גבעת זאב,3730,1678,1212,3,1209,32,136,2,1,0,0,1,143,0,1,0,0,0,0,0,68,38,445,5,0,0,0,141,0,1,0,0,0,0,0,0,195
גבעת עוז,703,406,272,1,271,40,1,1,0,0,0,0,9,0,0,0,0,0,0,0,0,10,20,53,0,0,0,136,1,0,0,0,0,0,0,0,0
גיניגר,92,536,384,2,382,64,0,0,0,0,0,2,0,0,2,0,0,0,0,0,2,12,31,81,0,0,0,187,0,0,1,0,0,0,0,0,0
גשור,4022,222,153,0,153,10,0,0,2,0,0,1,6,0,1,0,0,0,0,0,0,13,18,13,0,0,0,85,0,0,1,0,0,0,0,1,2
גת רימון,128,198,147,0,147,13,3,0,0,0,0,5,3,0,0,0,0,0,0,0,0,8,29,15,1,1,0,66,0,0,0,0,0,0,0,0,3
דובב,1067,359,249,0,249,16,0,1,0,0,0,5,6,0,0,0,0,0,0,0,3,0,174,1,0,0,0,17,0,0,0,0,0,0,0,0,26
הושעיה,1186,706,555,0,555,29,1,0,1,0,0,1,285,1,0,0,0,0,0,0,10,5,99,6,1,0,0,106,0,0,0,0,0,0,0,0,10
הרצליה,6400,2946,1681,11,1670,109,15,6,0,0,0,1,66,0,5,0,0,0,0,0,21,115,457,99,0,1,0,673,0,2,0,0,0,0,0,0,100
זכרון יעקב,9300,2796,2044,4,2040,87,311,2,2,0,0,2,104,0,1,0,0,0,0,0,30,69,271,166,0,0,0,747,0,0,0,0,0,0,0,2,246
זרזיר,975,1556,678,7,671,14,3,296,0,1,0,0,1,0,0,1,0,0,1,2,1,3,54,38,1,1,0,244,0,1,1,1,1,2,1,1,2
חדיד,618,604,483,0,483,18,10,0,0,0,0,27,38,1,1,0,0,0,0,0,35,2,224,8,0,0,0,74,0,0,0,0,0,0,0,0,45
חרשים,1209,223,172,0,172,20,2,9,0,0,0,0,3,0,0,0,0,0,0,0,0,3,1,81,0,0,0,53,0,0,0,0,0,0,0,0,0
טורעאן,498,776,505,4,501,0,0,494,0,0,0,0,1,0,0,0,0,0,0,2,0,0,0,1,0,0,0,2,0,0,1,0,0,0,0,0,0
טמרה יזרעאל,547,532,295,3,292,2,0,277,0,0,0,0,0,0,0,0,0,0,0,0,0,0,2,3,0,0,0,7,0,1,0,0,0,0,0,0,0
יהודמונוסון,9400,1214,931,4,927,94,6,1,1,0,0,1,45,0,2,0,0,0,0,0,13,32,292,26,0,0,0,390,0,0,0,0,1,0,1,0,22
יכיני,811,470,371,0,371,22,1,0,1,0,0,7,24,0,0,0,0,0,0,0,16,4,227,2,0,0,0,29,0,0,0,0,0,0,0,0,38
יקנעם עילית,240,3017,1903,18,1885,88,23,1,1,2,0,2,72,0,6,0,1,1,0,1,20,416,687,33,0,0,0,420,1,5,0,0,1,2,1,2,99
כנרת מושבה,63,522,363,2,361,33,3,2,1,0,0,0,12,0,0,0,0,0,0,0,0,7,110,21,0,0,0,170,0,0,0,0,0,0,0,2,0
כפר אחים,690,534,421,1,420,16,7,0,0,0,0,23,22,0,1,1,0,0,0,0,6,10,116,9,0,0,0,200,0,0,0,0,0,0,0,0,9
כפר החורש,192,479,359,2,357,53,0,0,1,0,0,2,7,0,0,0,0,0,0,0,5,25,28,55,0,0,0,180,0,0,0,0,0,0,0,0,1
כפר מסריק,297,594,389,0,389,44,1,1,0,0,0,0,4,0,1,0,0,0,0,0,0,19,15,111,0,0,0,193,0,0,0,0,0,0,0,0,0
מגדל,65,1390,914,4,910,36,28,5,0,0,0,1,43,1,1,0,0,0,0,0,43,22,465,7,48,0,0,58,0,0,1,0,0,0,0,8,143
מודיעיןמכביםרעות,1200,3829,2865,9,2856,214,19,8,0,0,0,4,370,0,1,0,0,0,0,0,29,135,533,201,0,0,0,1288,2,1,0,0,0,1,0,0,50
מזור,606,397,294,0,294,24,1,1,0,0,0,34,4,0,0,0,0,0,0,0,0,10,27,18,0,0,0,175,0,0,0,0,0,0,0,0,0
מזכרת בתיה,28,665,525,0,525,55,2,2,1,0,0,2,22,0,0,0,0,0,0,0,7,23,105,50,0,0,0,251,0,0,0,0,0,0,0,0,5
מיטב,2054,375,284,1,283,12,2,0,0,0,0,31,16,0,0,0,0,0,0,0,11,4,171,1,0,0,0,27,0,0,0,0,0,0,0,0,8
מסעודין אלעזאזמה,939,523,301,0,301,0,0,289,0,0,0,0,2,0,0,0,0,0,0,0,0,0,0,0,0,0,0,7,0,0,0,0,1,0,1,1,0
מעלותתרשיחא,1063,2047,1328,14,1314,31,11,32,0,0,0,1,114,0,1,0,0,1,0,0,34,309,497,16,0,0,0,170,0,0,0,0,0,0,0,0,97
משאבי שדה,421,468,312,2,310,95,0,0,0,0,0,0,4,0,1,0,0,0,0,1,0,17,15,36,0,0,0,139,1,0,0,0,0,0,0,0,1
משמר השבעה,729,692,529,1,528,49,1,1,1,0,0,12,13,0,1,0,0,0,0,0,3,30,140,18,0,0,0,255,0,0,0,0,0,0,0,0,4
נווה דניאל,3725,540,422,0,422,1,8,0,0,0,0,0,268,0,0,0,0,0,0,0,41,2,88,0,0,0,0,11,0,1,0,0,1,0,0,0,1
סאסא,578,421,302,2,300,54,0,3,0,0,0,0,1,0,0,0,1,0,0,0,1,3,12,105,0,0,0,120,0,0,0,0,0,0,0,0,0
עין השופט,270,880,527,2,525,89,1,1,0,0,0,0,3,0,0,0,0,0,0,0,1,24,23,156,0,0,0,224,0,0,0,0,0,0,0,0,3
עין חרוד מאוחד,82,674,497,0,497,122,4,1,0,0,0,2,13,0,0,0,1,0,0,0,1,15,22,61,0,0,0,252,0,0,2,0,0,0,0,0,1
עלמה,688,578,441,2,439,3,1,0,0,0,0,17,25,0,0,0,0,0,0,0,35,0,286,1,0,0,0,13,0,0,0,0,0,0,0,2,56
ערערה,637,751,420,1,419,1,0,395,0,0,0,0,0,0,0,0,0,0,0,1,0,0,2,17,0,0,0,2,0,0,0,0,0,0,0,0,1
פוריה  נווה עובד,1105,995,685,1,684,31,7,1,0,1,0,1,41,0,1,0,0,0,0,0,24,22,421,7,0,0,0,82,0,0,0,0,1,1,0,6,37
פסוטה,535,691,383,3,380,8,0,236,0,0,0,0,0,0,0,1,0,0,0,0,0,49,2,48,0,0,0,35,0,0,0,0,0,1,0,0,0
פקיעין חדשה,281,325,259,0,259,29,6,0,0,0,0,2,0,0,0,0,0,0,0,0,8,4,130,0,0,0,0,10,0,0,0,0,0,0,0,0,70
פרדס חנהכרכור,7800,1863,1319,4,1315,81,10,6,0,0,0,0,71,0,1,0,0,0,0,0,20,61,380,129,0,0,0,495,0,0,0,0,1,0,0,0,60
קרית שמונה,2800,3663,2091,15,2076,107,17,4,0,0,0,1,121,0,5,2,0,1,0,0,32,194,1128,19,0,0,0,190,0,0,0,0,0,0,0,3,252
ראש העין,2640,1396,1125,2,1123,45,6,0,0,0,0,0,62,0,0,0,0,0,0,0,18,60,250,55,0,1,0,598,0,1,0,0,0,0,0,1,26
רםאון,1069,647,501,2,499,61,1,1,0,0,0,2,12,0,0,0,0,0,0,0,2,12,41,49,0,0,0,318,0,0,0,0,0,0,0,0,0
רמת דוד,135,355,288,2,286,41,0,2,0,0,0,0,5,0,0,0,0,0,0,0,0,6,21,45,0,0,0,166,0,0,0,0,0,0,0,0,0
רמת ישי,122,2023,1498,3,1495,121,6,0,0,1,0,1,62,0,2,0,0,0,0,0,25,68,393,77,0,0,0,713,1,1,0,1,2,0,0,2,19
שדה נחום,259,519,377,2,375,56,0,0,0,0,0,3,4,0,0,0,0,0,0,0,11,13,78,17,2,0,0,188,0,0,0,0,0,0,0,0,3
שרונה,292,446,346,0,346,33,0,1,0,0,0,5,7,0,0,0,0,0,0,0,5,13,31,36,0,0,0,215,0,0,0,0,0,0,0,0,0
תל יוסף,84,372,275,3,272,55,0,1,0,0,0,0,9,0,0,0,0,0,0,0,0,6,9,35,0,0,0,155,0,0,0,0,0,0,0,0,2
תלמים,814,572,450,1,449,9,21,2,1,0,0,5,36,0,0,0,0,0,0,0,59,0,202,0,0,0,0,21,0,0,0,0,0,0,0,2,91
אור יהודה,2400,585,403,7,396,13,11,0,0,0,0,0,11,0,0,0,0,0,0,0,10,9,210,1,0,0,0,38,0,1,0,0,0,0,0,0,92
אליעד,4002,298,214,0,214,20,1,0,1,0,0,9,13,0,0,0,0,0,0,0,4,13,29,21,0,0,0,100,0,0,0,1,0,0,0,0,2
אליפלט,730,460,334,0,334,16,2,0,0,0,0,1,13,0,0,0,0,0,0,0,10,0,235,0,0,0,0,32,0,0,0,0,0,0,0,0,25
בית זרע,143,609,375,0,375,46,1,1,0,0,0,1,6,0,0,0,0,0,0,0,0,9,13,116,0,0,0,180,0,0,0,1,0,0,0,0,1
בית חורון,3575,408,340,0,340,5,6,0,0,0,0,2,154,0,0,0,0,0,0,0,23,9,107,2,0,0,0,18,0,0,0,0,0,0,0,0,14
ברעם,667,507,367,0,367,36,1,2,0,2,0,1,1,0,0,0,0,0,1,0,0,7,9,145,0,0,0,160,0,0,0,0,0,0,0,0,2
ברקאי,617,513,336,2,334,49,0,4,0,0,0,2,6,0,0,0,0,0,0,0,0,2,4,135,0,0,0,131,0,0,0,0,0,0,0,0,1
בת שלמה,33,435,338,0,338,41,2,1,0,0,0,2,16,0,0,0,0,0,0,0,4,10,47,49,0,0,0,161,0,0,0,0,0,0,0,0,5
גבעת אבני,1293,1668,1158,5,1153,74,9,1,0,0,0,0,71,0,0,0,0,0,0,0,12,44,434,25,0,0,0,435,0,1,1,0,0,0,0,3,43
גילון,1204,889,664,0,664,48,0,0,0,0,0,0,16,0,0,0,0,0,0,0,0,44,78,75,0,0,0,400,1,0,0,0,0,1,0,0,1
גינוסר,262,545,377,2,375,53,1,0,0,0,0,0,2,0,0,0,0,0,0,0,5,9,61,34,0,0,0,209,0,1,0,0,0,0,0,0,0
יראון,623,360,213,1,212,52,0,0,0,0,0,0,1,0,1,0,0,0,0,0,0,1,5,37,0,0,0,115,0,0,0,0,0,0,0,0,0
כפר ברוך,132,362,291,0,291,34,1,0,0,0,0,1,3,0,0,0,0,1,0,0,3,10,72,10,0,0,0,155,0,0,0,0,0,0,0,0,1
כפר יהושע,140,828,654,0,654,63,0,2,0,2,0,10,10,0,1,0,0,0,0,1,1,21,38,100,0,0,0,403,0,0,0,0,1,0,0,0,1
כפר שמריהו,267,529,320,3,317,14,0,2,0,0,0,4,2,0,0,0,0,0,0,0,0,17,38,23,0,0,0,216,0,0,0,0,0,0,0,0,1
מירב,1282,379,285,0,285,3,1,0,0,0,0,0,213,0,0,0,0,0,0,0,6,0,37,3,0,0,0,16,0,0,0,0,1,0,1,0,4
מנחמיה,48,932,593,2,591,39,16,2,0,0,0,4,24,1,0,0,0,0,0,0,21,22,269,8,0,1,0,162,1,0,1,0,0,0,0,3,17
נורדיה,447,471,368,2,366,28,2,0,0,0,0,0,10,0,1,1,0,0,0,0,3,15,68,21,0,0,0,213,0,0,0,0,0,0,0,0,4
נירית,1236,420,312,0,312,28,1,1,0,0,1,0,6,0,1,0,0,0,0,0,1,6,23,43,0,0,0,200,0,0,0,0,0,0,0,0,1
סאגור,525,555,216,0,216,12,40,14,0,0,0,0,6,0,0,0,0,0,0,0,0,1,29,1,0,0,0,59,0,0,53,0,0,0,0,0,1
פרוד,599,438,306,4,302,51,0,1,0,0,0,0,10,0,0,0,0,0,0,0,1,10,26,34,0,0,0,166,0,0,1,0,0,0,0,0,2
שדמות דבורה,306,491,399,0,399,43,0,0,0,0,0,5,7,0,0,0,0,0,0,0,3,12,39,24,0,0,0,260,0,0,2,0,1,0,0,2,1
אבו סנאן,473,710,428,2,426,10,2,126,0,0,0,0,2,0,0,0,0,0,0,3,0,70,22,7,0,0,0,145,0,0,1,0,4,0,1,0,33
אפיקים,176,1082,715,3,712,180,1,2,0,0,0,3,11,0,2,0,0,0,0,0,2,19,33,76,0,0,0,377,0,1,0,0,0,0,0,3,2
בנימינהגבעת עדה,9800,592,444,2,442,43,0,1,0,0,0,1,20,0,3,0,0,0,0,0,0,14,55,50,0,0,0,254,0,0,0,0,0,0,0,0,1
גבעון החדשה,3644,495,356,1,355,28,3,0,0,0,0,2,39,1,0,0,0,0,0,0,6,34,123,7,0,0,0,104,0,1,0,0,0,0,0,0,7
גן נר,1274,2106,1502,7,1495,98,5,3,0,0,0,8,78,0,2,0,0,0,8,0,6,63,533,60,0,0,0,606,0,0,0,0,0,0,0,1,24
דגניה ב,79,556,404,2,402,73,2,0,1,0,0,1,8,0,0,0,0,0,0,0,1,5,31,59,0,0,0,220,0,0,0,0,0,0,0,1,0
חולתה,253,446,332,0,332,82,1,0,0,0,0,2,7,0,0,0,0,0,0,0,6,10,19,44,1,0,0,156,0,0,2,0,0,0,0,1,1
חספין,4005,435,339,0,339,3,6,0,0,0,0,0,214,0,1,0,0,0,0,0,43,0,56,0,0,0,0,3,0,0,2,0,0,0,0,0,11
יבנאל,46,537,402,2,400,11,12,2,0,0,0,0,6,0,0,0,0,0,0,0,26,1,97,9,0,0,0,38,0,0,0,0,0,0,0,1,197
יונתן,4007,367,293,3,290,6,4,0,0,0,0,4,182,0,0,0,0,0,0,0,11,0,56,2,0,0,0,22,0,0,3,0,0,0,0,0,0
כנרת קבוצה,57,632,439,0,439,83,0,0,0,0,0,1,4,0,1,0,0,0,0,0,5,17,45,32,0,0,0,248,0,0,1,0,0,0,0,2,0
מוצא עילית,208,529,373,0,373,44,0,4,0,0,0,0,5,0,0,0,0,0,0,0,3,14,62,63,0,0,0,173,0,0,0,0,0,0,0,0,5
משמר העמק,130,951,719,0,719,132,1,1,0,0,0,0,1,0,0,0,0,0,0,0,0,7,16,268,0,0,0,291,1,0,0,0,0,0,0,1,0
רמת רזיאל,460,466,344,1,343,33,1,3,0,0,0,43,17,0,0,0,0,0,0,0,3,10,54,60,0,0,0,113,2,0,0,0,0,0,0,0,4
שדה אילן,721,379,296,1,295,5,5,0,0,0,0,3,148,0,0,0,0,0,0,0,8,0,80,1,0,0,0,38,0,0,0,0,0,0,0,0,7
שער העמקים,237,552,436,0,436,46,1,2,0,0,0,0,0,0,0,0,0,0,0,0,1,19,6,163,0,0,0,196,0,0,0,0,0,2,0,0,0
שריגים ליאון,1114,449,303,1,302,35,0,3,0,0,0,2,8,0,0,0,0,0,0,0,1,8,53,58,0,0,0,134,0,0,0,0,0,0,0,0,0
אבן יהודה,182,564,444,0,444,27,11,0,0,0,0,0,29,0,1,0,0,0,0,0,8,13,196,19,0,0,0,118,0,0,0,0,0,0,0,1,21
אפק,313,497,365,0,365,63,0,2,0,0,0,0,8,0,0,0,0,0,0,0,1,12,17,37,0,0,0,225,0,0,0,0,0,0,0,0,0
גדות,35,371,242,1,241,35,0,1,0,1,0,0,3,0,1,0,0,0,0,0,1,5,10,44,0,0,0,140,0,0,0,0,0,0,0,0,0
דגניה א,62,514,335,0,335,78,0,0,0,0,0,0,4,0,1,0,0,0,0,0,1,4,20,48,0,0,0,178,0,0,0,0,0,0,0,0,1
הר אדר,3769,1809,1396,2,1394,118,3,5,0,0,0,2,60,0,0,0,0,0,1,0,9,69,292,121,0,0,0,704,0,0,0,0,1,1,0,0,8
חנתון,1257,529,401,1,400,52,1,3,1,0,0,0,14,0,1,0,0,0,0,0,2,13,73,53,0,0,0,186,0,0,0,0,0,0,0,0,1
כפר בלום,357,724,492,2,490,72,2,4,0,0,0,0,20,0,0,0,0,0,0,0,1,16,68,62,0,0,0,244,0,0,0,0,0,0,0,0,1
כפר ויתקין,190,1402,1059,2,1057,115,4,2,0,0,0,43,12,0,0,0,0,0,0,0,1,22,46,188,0,0,0,624,0,0,0,0,0,0,0,0,0
כפר חיטים,255,502,340,0,340,29,1,0,0,0,0,0,13,0,0,0,0,0,0,0,4,16,111,6,0,0,0,148,0,0,0,0,1,0,0,3,8
כפר חנניה,1297,522,387,1,386,25,2,0,0,0,0,2,43,0,0,0,0,0,0,0,7,17,157,15,0,0,0,108,0,0,0,0,0,0,0,0,10
כפר קיש,388,439,316,1,315,28,0,0,0,0,0,4,17,0,0,0,0,0,0,0,6,15,49,23,1,0,0,167,0,0,2,0,0,0,0,0,3
נוה צוף,3573,755,596,0,596,1,6,1,0,0,0,1,342,0,1,0,0,0,0,0,105,2,112,2,0,0,0,10,0,0,0,0,0,0,0,0,13
עצמון שגב,917,888,671,1,670,78,0,3,0,0,0,0,13,0,0,0,0,0,0,0,1,16,39,126,0,0,0,389,2,0,0,0,0,0,0,0,3
קדמת צבי,4025,380,267,0,267,23,0,0,0,0,5,0,15,0,3,0,0,0,0,0,1,12,39,12,0,0,0,153,0,0,1,0,1,0,0,1,1
קרית יערים,1137,984,836,11,825,2,573,0,0,0,0,0,5,0,0,0,0,0,0,0,18,0,19,2,0,0,0,7,0,0,0,0,0,0,0,0,199
רמות נפתלי,372,439,317,3,314,46,1,0,0,0,0,1,10,0,2,0,0,0,0,0,3,9,78,17,0,0,0,136,0,2,0,0,0,0,0,0,9
רשפים,437,609,499,0,499,112,0,1,1,0,0,1,45,0,1,0,0,0,0,0,5,10,39,73,1,0,0,208,0,2,0,0,0,0,0,0,0
שכניה,1160,613,479,0,479,64,0,3,0,0,0,0,15,0,1,0,0,0,0,0,3,25,22,78,0,0,0,265,0,0,0,0,0,0,0,1,2
אודים,446,395,292,0,292,11,0,0,0,0,0,7,5,0,0,0,0,0,0,0,2,13,41,38,0,0,0,172,0,0,0,0,0,0,0,0,3
בני יהודה,4015,432,292,1,291,23,0,0,0,0,0,1,19,0,0,0,0,0,0,0,5,22,66,17,0,0,0,135,0,0,1,0,0,0,0,0,2
בר יוחאי,1191,606,421,0,421,0,37,0,0,0,0,0,136,0,1,0,0,0,0,0,55,0,124,0,0,0,0,3,0,0,0,0,0,0,0,5,60
גבים,424,455,351,0,351,95,0,1,0,0,0,3,6,0,0,0,0,0,0,0,2,13,17,53,0,0,0,158,0,1,0,0,0,0,0,0,2
גבעת יואב,4021,465,336,0,336,24,0,0,0,0,0,11,25,0,1,0,0,0,0,0,2,20,59,16,0,0,0,173,0,0,3,0,0,0,0,1,1
יובל,2009,427,312,0,312,42,1,0,0,0,0,9,20,1,1,0,0,0,0,0,3,3,95,13,0,0,0,111,0,0,0,0,0,0,0,0,13
יסוד המעלה,29,526,366,1,365,18,0,1,0,0,0,0,20,0,0,0,0,0,5,0,0,12,52,25,0,0,0,228,0,0,1,0,0,0,0,0,3
כפר חרוב,4004,385,240,0,240,37,0,0,0,0,0,0,2,0,0,0,0,0,0,0,0,3,20,22,0,0,0,154,0,0,1,0,0,0,0,1,0
כפר כנא,509,762,474,12,462,58,0,371,0,0,0,0,1,0,0,0,0,0,0,18,0,0,4,2,0,1,0,3,0,0,0,0,0,1,0,0,3
כפר תבור,47,1279,924,1,923,69,2,2,0,0,0,1,41,0,0,0,0,0,0,0,9,57,191,53,0,0,0,486,0,1,2,0,0,0,0,3,6
לביא,585,504,388,1,387,19,1,0,0,0,0,2,217,0,0,0,0,1,0,0,20,0,65,2,0,0,0,49,0,0,0,0,0,0,0,0,11
מגשימים,722,676,528,1,527,41,2,0,0,0,0,8,4,0,0,0,0,0,0,0,4,18,87,44,0,0,0,319,0,0,0,0,0,0,0,0,0
מדרך עוז,2029,555,402,0,402,16,12,0,0,0,0,24,19,0,0,0,0,0,0,0,0,11,202,2,0,0,0,96,0,0,0,0,0,0,0,1,19
מעגן מיכאל,694,531,365,5,360,63,0,1,1,0,0,2,10,0,0,0,0,0,0,0,1,12,11,78,0,0,0,181,0,0,0,0,0,0,0,0,0
מרום גולן,4101,566,411,2,409,42,0,2,0,0,0,0,7,0,0,0,0,0,0,0,2,19,37,25,0,0,0,270,0,0,5,0,0,0,0,0,0
נופית,1284,567,431,0,431,45,0,1,0,0,0,0,8,0,0,0,0,0,0,0,0,13,47,42,1,0,0,274,0,0,0,0,0,0,0,0,0
שורשים,1235,401,283,0,283,23,0,4,0,0,0,1,8,0,1,0,0,0,0,0,0,14,39,40,0,0,0,152,0,0,0,0,0,0,0,0,1
אליכין,41,648,511,0,511,26,9,0,0,0,0,3,26,0,2,0,0,0,0,0,19,20,246,6,0,0,0,94,0,0,0,0,0,1,0,0,59
אניעם,4012,438,269,1,268,16,1,0,0,0,0,1,6,0,2,0,0,0,0,0,7,6,73,18,0,0,0,136,0,0,0,0,0,0,0,0,2
אשדות יעקב  איחוד,199,647,476,0,476,97,0,0,0,0,0,0,19,0,1,0,0,0,0,0,1,16,53,32,0,0,0,256,0,0,0,0,0,0,0,1,0
בית יהושע,288,710,534,2,532,41,2,1,0,0,0,5,16,0,0,0,0,0,0,0,4,13,53,74,0,0,0,322,0,0,0,0,0,0,0,0,1
דולב,3747,415,334,1,333,1,1,0,0,0,0,0,232,0,2,0,0,0,0,0,51,0,34,2,0,0,0,2,0,0,0,0,0,0,0,0,8
הזורעים,307,514,419,0,419,8,9,0,0,0,0,4,227,0,0,0,0,0,0,0,34,2,104,3,0,0,0,15,0,0,0,0,0,0,0,0,13
כפר ורדים,1263,492,346,4,342,32,0,6,0,0,0,1,19,0,0,0,0,0,0,0,3,25,37,52,0,0,0,167,0,0,0,0,0,0,0,0,0
נהלל,80,742,560,2,558,55,1,1,0,0,0,2,8,0,1,0,0,0,0,0,0,24,46,62,0,0,0,356,1,0,0,0,0,0,0,0,1
ניר עציון,769,410,290,3,287,16,5,3,0,0,0,1,143,0,1,0,0,0,0,0,14,1,41,2,0,0,0,53,0,1,0,0,0,1,0,0,5
עין המפרץ,289,703,522,0,522,60,0,1,0,0,0,0,3,0,1,0,0,0,0,0,1,6,8,207,0,0,0,233,0,0,1,0,0,0,0,0,1
עין ורד,157,502,412,1,411,32,3,0,0,0,0,31,5,0,0,0,0,0,0,0,1,11,20,50,0,0,0,257,0,0,0,0,0,0,0,0,1
עין עירון,223,405,330,0,330,25,1,3,0,0,0,3,1,0,0,0,0,0,0,0,0,3,20,70,0,0,0,203,0,0,0,0,0,0,0,0,1
עתלית,53,735,535,0,535,30,12,1,1,0,0,0,16,0,0,1,0,0,0,0,15,23,238,16,1,0,0,158,0,1,0,0,0,0,0,0,22
צובה,465,623,403,1,402,150,0,0,0,0,0,2,5,0,0,0,0,0,0,0,0,9,16,70,0,0,0,146,0,1,0,0,0,0,0,2,1
אמירים,1064,606,409,1,408,44,2,5,0,0,0,5,44,0,5,0,0,0,0,0,4,6,34,86,0,0,0,170,0,0,0,0,0,0,0,0,3
גן שמואל,72,412,313,0,313,28,0,0,0,0,0,1,2,0,0,0,0,0,0,0,0,0,4,131,0,0,0,147,0,0,0,0,0,0,0,0,0
טלאל,1181,477,344,2,342,30,0,0,0,0,0,0,14,0,1,0,0,0,0,0,4,27,55,22,0,0,0,189,0,0,0,0,0,0,0,0,0
יובלים,1226,521,402,0,402,51,0,1,0,0,0,0,10,0,1,0,0,0,0,0,1,7,11,79,0,0,0,241,0,0,0,0,0,0,0,0,0
כוכב יעקב,3779,555,464,3,461,0,180,0,0,0,0,0,11,0,0,0,1,0,0,0,23,3,14,0,0,0,0,1,0,0,0,0,0,0,0,0,228
כרם בן זמרה,664,405,310,0,310,17,5,0,0,0,0,7,41,0,0,0,0,0,0,0,3,1,167,4,0,0,0,50,0,0,1,0,0,0,0,0,14
כרמי צור,3766,545,448,0,448,1,22,0,0,0,0,0,278,0,0,0,0,0,0,0,57,1,71,0,0,0,0,4,0,0,0,0,0,0,0,0,14
מלכיה,596,407,260,3,257,61,1,1,0,0,0,0,5,0,0,0,0,0,0,0,0,10,15,32,0,0,0,128,0,1,0,0,0,0,0,0,3
נטף,1254,356,281,1,280,44,0,8,0,1,0,0,8,0,0,0,0,0,0,0,0,2,4,128,0,0,0,84,1,0,0,0,0,0,0,0,0
קדימהצורן,195,733,516,0,516,39,4,0,0,0,0,0,30,0,0,0,0,0,0,0,14,11,173,12,0,0,0,154,3,0,1,0,2,0,0,0,73
קרית ארבע,3611,537,411,0,411,2,10,0,0,0,0,0,175,0,0,0,0,0,0,0,103,6,105,1,0,0,0,2,0,1,0,0,0,0,0,0,6
שילה,3641,641,511,1,510,1,6,0,0,0,0,0,318,0,0,0,0,0,0,0,106,0,66,0,0,0,0,6,0,0,0,0,0,0,0,0,7
