סמל ועדה,ברזל,שם ישוב,סמל ישוב,קלפי,ריכוז,שופט,בזב,מצביעים,פסולים,כשרים,אמת,ג,ודעם,ז,זכ,זן,זץ,טב,י,יז,ינ,יף,יק,כ,כי,כף,ל,מחל,מרצ,נ,נך,נץ,פה,ףז,צ,צן,ץ,ק,קך,קץ,רק,שס,
2,727,עמיחי,3824,1,1,0,71,68,0,68,0,2,1,0,0,0,0,18,0,0,0,0,0,0,0,27,0,9,0,0,0,0,1,0,0,0,0,0,0,0,0,10,
2,1049,אלמוג,3556,1,1,0,198,128,1,127,30,0,0,0,0,0,0,6,0,0,0,0,0,0,0,0,7,18,11,0,0,0,55,0,0,0,0,0,0,0,0,0,
2,1051,גלגל,3606,1,1,0,152,89,1,88,5,0,0,1,0,0,1,3,0,0,0,0,0,0,0,4,8,29,5,0,0,0,30,0,0,0,0,0,0,0,0,2,
2,1115,תומר,3558,1,1,0,249,206,1,205,17,2,0,0,0,0,2,15,0,0,0,0,0,0,0,1,12,59,4,0,0,0,93,0,0,0,0,0,0,0,0,0,
4,1366,אלומות,330,1,1,0,303,208,0,208,48,1,0,0,0,0,0,6,0,0,0,0,0,0,0,1,5,23,29,0,0,0,94,0,0,0,0,0,0,0,0,1,
4,1385,פוריה  כפר עבודה,1104,1,1,0,266,174,0,174,4,4,0,0,0,0,0,9,0,0,0,0,0,0,0,2,1,110,0,0,0,0,30,0,0,0,0,0,0,0,4,10,
4,1393,אמנון,1253,1,1,0,268,197,0,197,22,3,0,0,0,0,1,16,0,1,0,0,0,0,0,3,15,74,10,0,0,0,44,0,0,0,0,0,0,0,2,6,
4,1401,טפחות,1214,1,1,0,245,199,0,199,1,2,0,0,0,0,0,81,0,0,0,0,0,0,0,12,1,84,0,0,0,0,1,0,1,0,0,0,0,0,0,16,
4,1402,כלנית,1229,1,1,0,186,154,0,154,2,4,0,0,0,0,1,17,0,0,0,0,0,0,0,5,1,105,0,0,0,0,1,0,0,0,0,0,0,0,1,17,
4,1416,מצפה,58,1,1,0,136,94,0,94,9,0,0,0,0,0,1,0,0,1,0,0,0,0,0,0,5,20,5,0,0,0,53,0,0,0,0,0,0,0,0,0,
4,1437,מיצר,4019,1,1,0,123,94,0,94,9,1,0,0,0,0,3,5,0,0,0,0,0,0,0,3,7,8,13,0,0,0,45,0,0,0,0,0,0,0,0,0,
4,1442,נטור,4014,1,1,0,242,182,2,180,13,0,0,0,0,0,2,52,0,0,0,0,0,0,0,28,6,20,9,0,0,0,45,0,0,2,0,0,0,0,0,3,
17,9048,אחווה,1157,1,1,0,188,146,0,146,10,2,0,0,0,0,0,3,0,0,0,0,0,0,0,0,8,24,10,2,0,0,84,0,0,0,0,0,0,0,0,3,
17,9050,איבים,338,1,1,0,107,24,0,24,0,0,0,0,0,0,0,3,0,0,0,0,0,0,0,3,1,13,0,0,0,0,3,0,0,0,0,0,0,1,0,0,
17,9053,אליאב,1365,1,1,0,198,166,0,166,27,2,1,0,0,0,0,49,1,0,0,0,0,0,0,0,0,12,5,0,0,0,68,0,0,0,0,1,0,0,0,0,
17,9080,ורדון,1133,1,1,0,218,154,1,153,11,1,0,0,0,0,6,10,0,0,0,0,0,0,0,3,5,46,15,0,0,0,41,0,0,0,0,0,0,0,0,15,
17,9082,זוהר,44,1,1,0,265,199,0,199,6,8,0,0,0,0,6,10,0,0,0,0,0,0,0,1,3,119,1,0,0,0,23,0,0,0,0,0,0,0,0,22,
17,9101,כפר סילבר,107,1,1,0,97,35,0,35,2,0,0,0,0,0,1,1,0,0,0,0,0,0,0,0,1,6,1,0,0,0,23,0,0,0,0,0,0,0,0,0,
17,9103,כרמי קטיף,1374,1,1,0,208,180,0,180,0,0,0,0,0,0,1,166,0,0,0,0,0,0,0,10,0,1,1,0,0,0,0,0,0,0,0,0,0,0,0,1,
17,9107,מחנה מרים,1414,1,1,0,100,67,0,67,0,0,0,0,0,0,0,8,0,0,0,0,0,0,0,0,1,14,5,0,0,0,37,0,0,0,0,0,0,0,0,2,
17,9119,נועם,15,1,1,0,308,228,1,227,1,4,0,0,0,0,2,8,0,0,0,0,0,0,0,4,1,158,0,0,0,0,13,0,0,0,0,0,0,0,0,36,
17,9122,נטע,1369,1,1,0,221,192,1,191,0,2,0,0,0,0,0,151,0,0,0,0,0,0,0,28,0,4,0,0,0,0,3,0,0,0,0,0,0,0,0,3,
18,9231,מרחב עם,1340,1,1,0,185,157,0,157,3,1,0,1,0,0,0,103,0,0,0,0,0,0,0,14,1,18,0,0,0,0,4,1,0,0,0,0,0,0,0,11,
18,9245,נווה זוהר,1057,1,1,0,56,35,0,35,3,0,2,0,0,0,0,3,0,0,0,0,0,0,0,4,0,9,2,0,0,0,10,0,0,0,0,0,1,0,0,1,
18,9321,אשל הנשיא,2021,1,1,0,116,75,0,75,14,1,0,0,0,0,0,9,0,0,0,0,0,0,0,1,3,15,3,0,0,0,29,0,0,0,0,0,0,0,0,0,
18,9334,מלילות,2044,1,1,0,259,202,0,202,4,1,0,0,0,0,3,18,0,0,0,0,0,0,0,26,7,115,0,0,0,0,8,0,0,0,0,0,0,0,0,20,
18,9378,פדויים,750,1,1,0,332,240,0,240,10,9,0,0,0,0,23,28,0,0,0,0,0,0,0,15,6,100,0,0,0,0,29,0,0,0,0,0,0,0,0,20,
18,9387,שרשרת,398,1,1,0,245,190,0,190,1,9,0,0,0,0,5,28,0,0,0,0,0,0,0,22,3,97,1,0,0,0,6,0,0,0,0,0,0,0,0,18,
18,9388,תאשור,2062,1,1,0,288,201,0,201,41,0,3,0,0,0,0,8,0,0,0,0,0,0,0,0,4,59,15,0,0,0,64,0,0,0,0,0,0,0,0,7,
